Player,Year,Top Team,Last team,Number of teams,Number of transactions,Number of trades,Points,Avg points,Weeks missed due to injury,Weeks missed due to suspension,Weeks as starter,% of points (highest team),% of points (lowest team),Change in points from previous season,Change in avg points from previous season,Change in points from career,Change in avg points from career,Times as Player of the week?,Times as QB of the week?,Times as RB of the week?,Times as WR of the week?,Times as TE of the week?,Times as Benchwarmer of the week?,Times as Bench QB of the week?,Times as Bench RB of the week?,Times as Bench WR of the week?,Times as Bench TE of the week?,Times as Highest starter on team?,Times as Lowest starter on team?,Rookie?,Age,Best week,Worst week
A.J. Brown,2021,,,,,,164.1,,,,,,,,,,,,,,,,,,,,,,,,,31.5,0.0
A.J. Brown,2022,,,,,,286.1,,,,,,,,,,,,,,,,,,,,,,,,,39.6,0.0
A.J. Brown,2023,,,,,,289.7,,,,,,,,,,,,,,,,,,,,,,,,,38.5,0.0
A.J. Brown,2024,,,,,,216.9,,,,,,,,,,,,,,,,,,,,,,,,,25.0,0.0
A.J. Brown,2025,,,,,,208.5,,,,,,,,,,,,,,,,,,,,,,,,,35.2,0.0
A.J. Dillon,2021,,,,,,176.9,,,,,,,,,,,,,,,,,,,,,,,,,26.8,-1.2
A.J. Dillon,2022,,,,,,163.3,,,,,,,,,,,,,,,,,,,,,,,,,22.1,0.0
A.J. Dillon,2023,,,,,,117.6,,,,,,,,,,,,,,,,,,,,,,,,,13.6,0.0
A.J. Green,2021,,,,,,57.900000000000006,,,,,,,,,,,,,,,,,,,,,,,,,17.2,0.0
A.T. Perry,2023,,,,,,3.2,,,,,,,,,,,,,,,,,,,,,,,,,1.7,0.0
AJ Barner,2024,,,,,,0.0,,,,,,,,,,,,,,,,,,,,,,,,,0.0,0.0
AJ Barner,2025,,,,,,76.5,,,,,,,,,,,,,,,,,,,,,,,,,16.1,0.0
Aaron Jones,2021,,,,,,228.0,,,,,,,,,,,,,,,,,,,,,,,,,41.5,0.0
Aaron Jones,2022,,,,,,238.8,,,,,,,,,,,,,,,,,,,,,,,,,32.0,0.0
Aaron Jones,2023,,,,,,114.8,,,,,,,,,,,,,,,,,,,,,,,,,26.7,0.0
Aaron Jones,2024,,,,,,227.1,,,,,,,,,,,,,,,,,,,,,,,,,25.8,0.0
Aaron Jones,2025,,,,,,102.4,,,,,,,,,,,,,,,,,,,,,,,,,15.9,0.0
Aaron Rodgers,2021,,,,,,316.08,,,,,,,,,,,,,,,,,,,,,,,,,32.5,0.0
Aaron Rodgers,2022,,,,,,224.0,,,,,,,,,,,,,,,,,,,,,,,,,19.36,0.0
Aaron Rodgers,2023,,,,,,0.0,,,,,,,,,,,,,,,,,,,,,,,,,0.0,0.0
Aaron Rodgers,2024,,,,,,228.62,,,,,,,,,,,,,,,,,,,,,,,,,30.06,0.0
Aaron Rodgers,2025,,,,,,200.0,,,,,,,,,,,,,,,,,,,,,,,,,25.66,0.0
Adam Thielen,2021,,,,,,198.8,,,,,,,,,,,,,,,,,,,,,,,,,30.2,0.0
Adam Thielen,2022,,,,,,170.79999999999998,,,,,,,,,,,,,,,,,,,,,,,,,21.1,0.0
Adam Thielen,2023,,,,,,225.8,,,,,,,,,,,,,,,,,,,,,,,,,31.5,0.0
Adam Thielen,2024,,,,,,130.1,,,,,,,,,,,,,,,,,,,,,,,,,28.0,0.0
Adam Thielen,2025,,,,,,6.6,,,,,,,,,,,,,,,,,,,,,,,,,4.6,0.0
Adonai Mitchell,2024,,,,,,52.76,,,,,,,,,,,,,,,,,,,,,,,,,12.1,-3.0
Adonai Mitchell,2025,,,,,,82.69999999999999,,,,,,,,,,,,,,,,,,,,,,,,,24.2,0.0
Adrian Peterson,2021,,,,,,9.6,,,,,,,,,,,,,,,,,,,,,,,,,9.6,0.0
Aidan O'Connell,2023,,,,,,100.96000000000001,,,,,,,,,,,,,,,,,,,,,,,,,25.92,0.0
Aidan O'Connell,2024,,,,,,13.16,,,,,,,,,,,,,,,,,,,,,,,,,11.08,2.08
Albert Okwuegbunam,2022,,,,,,12.0,,,,,,,,,,,,,,,,,,,,,,,,,8.3,0.0
Alec Pierce,2022,,,,,,104.1,,,,,,,,,,,,,,,,,,,,,,,,,18.6,0.0
Alec Pierce,2023,,,,,,95.4,,,,,,,,,,,,,,,,,,,,,,,,,19.0,0.0
Alec Pierce,2024,,,,,,126.2,,,,,,,,,,,,,,,,,,,,,,,,,24.2,0.0
Alec Pierce,2025,,,,,,88.9,,,,,,,,,,,,,,,,,,,,,,,,,24.6,0.0
Alex Collins,2021,,,,,,45.300000000000004,,,,,,,,,,,,,,,,,,,,,,,,,16.8,0.0
Alexander Mattison,2021,,,,,,117.4,,,,,,,,,,,,,,,,,,,,,,,,,26.3,0.0
Alexander Mattison,2022,,,,,,69.4,,,,,,,,,,,,,,,,,,,,,,,,,11.4,-0.1
Alexander Mattison,2023,,,,,,128.3,,,,,,,,,,,,,,,,,,,,,,,,,17.5,-0.1
Alexander Mattison,2024,,,,,,130.3,,,,,,,,,,,,,,,,,,,,,,,,,17.5,0.0
Allen Lazard,2021,,,,,,19.2,,,,,,,,,,,,,,,,,,,,,,,,,19.2,19.2
Allen Lazard,2022,,,,,,160.7,,,,,,,,,,,,,,,,,,,,,,,,,18.7,0.0
Allen Lazard,2023,,,,,,41.0,,,,,,,,,,,,,,,,,,,,,,,,,15.1,1.8
Allen Lazard,2024,,,,,,74.3,,,,,,,,,,,,,,,,,,,,,,,,,23.4,0.0
Allen Robinson,2021,,,,,,80.8,,,,,,,,,,,,,,,,,,,,,,,,,10.8,0.0
Allen Robinson,2022,,,,,,84.9,,,,,,,,,,,,,,,,,,,,,,,,,17.3,0.0
Allen Robinson,2023,,,,,,3.7,,,,,,,,,,,,,,,,,,,,,,,,,2.0,0.0
Alvin Kamara,2021,,,,,,216.5,,,,,,,,,,,,,,,,,,,,,,,,,33.9,0.0
Alvin Kamara,2022,,,,,,199.7,,,,,,,,,,,,,,,,,,,,,,,,,42.8,0.0
Alvin Kamara,2023,,,,,,233.0,,,,,,,,,,,,,,,,,,,,,,,,,29.3,0.0
Alvin Kamara,2024,,,,,,264.3,,,,,,,,,,,,,,,,,,,,,,,,,44.0,0.0
Alvin Kamara,2025,,,,,,100.7,,,,,,,,,,,,,,,,,,,,,,,,,16.0,0.0
Amari Cooper,2021,,,,,,188.6,,,,,,,,,,,,,,,,,,,,,,,,,38.9,0.0
Amari Cooper,2022,,,,,,238.9,,,,,,,,,,,,,,,,,,,,,,,,,31.3,0.0
Amari Cooper,2023,,,,,,226.0,,,,,,,,,,,,,,,,,,,,,,,,,51.5,0.0
Amari Cooper,2024,,,,,,122.7,,,,,,,,,,,,,,,,,,,,,,,,,27.6,0.0
Amari Rodgers,2021,,,,,,6.1,,,,,,,,,,,,,,,,,,,,,,,,,2.9,-1.0
Ameer Abdullah,2024,,,,,,17.7,,,,,,,,,,,,,,,,,,,,,,,,,17.7,17.7
Amon-Ra St. Brown,2021,,,,,,201.2,,,,,,,,,,,,,,,,,,,,,,,,,35.4,0.0
Amon-Ra St. Brown,2022,,,,,,256.7,,,,,,,,,,,,,,,,,,,,,,,,,39.4,0.0
Amon-Ra St. Brown,2023,,,,,,303.5,,,,,,,,,,,,,,,,,,,,,,,,,30.5,0.0
Amon-Ra St. Brown,2024,,,,,,302.48,,,,,,,,,,,,,,,,,,,,,,,,,38.7,0.0
Amon-Ra St. Brown,2025,,,,,,283.3,,,,,,,,,,,,,,,,,,,,,,,,,41.4,0.0
Andrei Iosivas,2023,,,,,,0.0,,,,,,,,,,,,,,,,,,,,,,,,,0.0,0.0
Andrei Iosivas,2024,,,,,,116.7,,,,,,,,,,,,,,,,,,,,,,,,,16.2,0.0
Andy Dalton,2022,,,,,,-0.42,,,,,,,,,,,,,,,,,,,,,,,,,-0.42,-0.42
Andy Dalton,2024,,,,,,32.4,,,,,,,,,,,,,,,,,,,,,,,,,15.7,0.0
Anthony Richardson,2023,,,,,,70.68,,,,,,,,,,,,,,,,,,,,,,,,,28.6,0.0
Anthony Richardson,2024,,,,,,157.36,,,,,,,,,,,,,,,,,,,,,,,,,27.08,0.0
Anthony Richardson,2025,,,,,,2.1599999999999997,,,,,,,,,,,,,,,,,,,,,,,,,2.26,-0.1
Anthony Schwartz,2021,,,,,,2.5,,,,,,,,,,,,,,,,,,,,,,,,,2.5,0.0
Antonio Brown,2021,,,,,,121.1,,,,,,,,,,,,,,,,,,,,,,,,,31.4,0.0
Antonio Gibson,2021,,,,,,205.0,,,,,,,,,,,,,,,,,,,,,,,,,23.6,0.0
Antonio Gibson,2022,,,,,,164.9,,,,,,,,,,,,,,,,,,,,,,,,,20.7,0.0
Antonio Gibson,2023,,,,,,118.8,,,,,,,,,,,,,,,,,,,,,,,,,16.5,0.0
Antonio Gibson,2024,,,,,,80.4,,,,,,,,,,,,,,,,,,,,,,,,,12.2,-0.3
Arian Smith,2025,,,,,,11.8,,,,,,,,,,,,,,,,,,,,,,,,,3.3,0.0
Ashton Jeanty,2025,,,,,,222.4,,,,,,,,,,,,,,,,,,,,,,,,,33.5,0.0
Audric Estime,2024,,,,,,38.300000000000004,,,,,,,,,,,,,,,,,,,,,,,,,10.8,0.0
Audric Estime,2025,,,,,,6.6,,,,,,,,,,,,,,,,,,,,,,,,,6.6,0.0
Austin Ekeler,2021,,,,,,313.9,,,,,,,,,,,,,,,,,,,,,,,,,41.5,0.0
Austin Ekeler,2022,,,,,,361.7,,,,,,,,,,,,,,,,,,,,,,,,,35.9,0.0
Austin Ekeler,2023,,,,,,173.5,,,,,,,,,,,,,,,,,,,,,,,,,26.4,0.0
Austin Ekeler,2024,,,,,,124.10000000000001,,,,,,,,,,,,,,,,,,,,,,,,,18.1,0.0
Austin Ekeler,2025,,,,,,13.1,,,,,,,,,,,,,,,,,,,,,,,,,8.7,4.4
Bailey Zappe,2023,,,,,,7.24,,,,,,,,,,,,,,,,,,,,,,,,,7.24,7.24
Baker Mayfield,2021,,,,,,177.9,,,,,,,,,,,,,,,,,,,,,,,,,22.0,0.0
Baker Mayfield,2022,,,,,,23.62,,,,,,,,,,,,,,,,,,,,,,,,,14.0,4.08
Baker Mayfield,2023,,,,,,262.88,,,,,,,,,,,,,,,,,,,,,,,,,29.04,0.0
Baker Mayfield,2024,,,,,,333.15999999999997,,,,,,,,,,,,,,,,,,,,,,,,,34.56,0.0
Baker Mayfield,2025,,,,,,235.26,,,,,,,,,,,,,,,,,,,,,,,,,26.66,0.0
Beaux Collins,2025,,,,,,4.5,,,,,,,,,,,,,,,,,,,,,,,,,2.8,0.0
Ben Roethlisberger,2021,,,,,,11.02,,,,,,,,,,,,,,,,,,,,,,,,,11.02,11.02
Ben Sinnott,2024,,,,,,13.8,,,,,,,,,,,,,,,,,,,,,,,,,8.6,0.0
Ben Sinnott,2025,,,,,,20.2,,,,,,,,,,,,,,,,,,,,,,,,,7.4,0.0
Bhayshul Tuten,2025,,,,,,79.3,,,,,,,,,,,,,,,,,,,,,,,,,15.4,-2.5
Bijan Robinson,2023,,,,,,219.2,,,,,,,,,,,,,,,,,,,,,,,,,27.3,0.0
Bijan Robinson,2024,,,,,,309.4,,,,,,,,,,,,,,,,,,,,,,,,,29.4,0.0
Bijan Robinson,2025,,,,,,322.6,,,,,,,,,,,,,,,,,,,,,,,,,35.8,0.0
Blake Corum,2024,,,,,,30.3,,,,,,,,,,,,,,,,,,,,,,,,,4.3,-0.4
Blake Corum,2025,,,,,,112.5,,,,,,,,,,,,,,,,,,,,,,,,,26.1,0.0
Bo Nix,2024,,,,,,280.66,,,,,,,,,,,,,,,,,,,,,,,,,29.76,0.0
Bo Nix,2025,,,,,,272.82,,,,,,,,,,,,,,,,,,,,,,,,,38.96,0.0
Brady Cook,2025,,,,,,13.18,,,,,,,,,,,,,,,,,,,,,,,,,8.94,0.0
Braelon Allen,2024,,,,,,80.9,,,,,,,,,,,,,,,,,,,,,,,,,19.6,0.0
Braelon Allen,2025,,,,,,15.3,,,,,,,,,,,,,,,,,,,,,,,,,6.9,0.0
Brandin Cooks,2021,,,,,,226.2,,,,,,,,,,,,,,,,,,,,,,,,,29.2,0.0
Brandin Cooks,2022,,,,,,124.0,,,,,,,,,,,,,,,,,,,,,,,,,18.7,0.0
Brandin Cooks,2023,,,,,,156.0,,,,,,,,,,,,,,,,,,,,,,,,,32.3,0.0
Brandin Cooks,2024,,,,,,65.6,,,,,,,,,,,,,,,,,,,,,,,,,14.5,0.0
Brandon Aiyuk,2021,,,,,,152.6,,,,,,,,,,,,,,,,,,,,,,,,,21.5,0.0
Brandon Aiyuk,2022,,,,,,217.9,,,,,,,,,,,,,,,,,,,,,,,,,28.3,0.0
Brandon Aiyuk,2023,,,,,,243.7,,,,,,,,,,,,,,,,,,,,,,,,,32.9,0.0
Brandon Aiyuk,2024,,,,,,62.400000000000006,,,,,,,,,,,,,,,,,,,,,,,,,22.7,0.0
Brandon Aiyuk,2025,,,,,,0.0,,,,,,,,,,,,,,,,,,,,,,,,,0.0,0.0
Brandon Bolden,2021,,,,,,29.5,,,,,,,,,,,,,,,,,,,,,,,,,10.0,3.6
Brashard Smith,2025,,,,,,45.0,,,,,,,,,,,,,,,,,,,,,,,,,13.1,-0.2
Braxton Berrios,2021,,,,,,25.7,,,,,,,,,,,,,,,,,,,,,,,,,25.7,25.7
Breece Hall,2022,,,,,,115.1,,,,,,,,,,,,,,,,,,,,,,,,,27.7,0.0
Breece Hall,2023,,,,,,259.5,,,,,,,,,,,,,,,,,,,,,,,,,43.1,0.0
Breece Hall,2024,,,,,,218.7,,,,,,,,,,,,,,,,,,,,,,,,,31.1,0.0
Breece Hall,2025,,,,,,186.76,,,,,,,,,,,,,,,,,,,,,,,,,32.86,0.0
Brenton Strange,2024,,,,,,2.2,,,,,,,,,,,,,,,,,,,,,,,,,2.2,0.0
Brenton Strange,2025,,,,,,92.4,,,,,,,,,,,,,,,,,,,,,,,,,14.9,0.0
Brevin Jordan,2021,,,,,,55.8,,,,,,,,,,,,,,,,,,,,,,,,,13.1,0.0
Brevin Jordan,2022,,,,,,9.2,,,,,,,,,,,,,,,,,,,,,,,,,3.9,0.0
Brevin Jordan,2023,,,,,,6.5,,,,,,,,,,,,,,,,,,,,,,,,,6.5,6.5
Brian Robinson,2022,,,,,,110.7,,,,,,,,,,,,,,,,,,,,,,,,,20.5,0.0
Brian Robinson,2023,,,,,,185.6,,,,,,,,,,,,,,,,,,,,,,,,,28.9,0.0
Brian Robinson,2024,,,,,,157.2,,,,,,,,,,,,,,,,,,,,,,,,,20.3,0.0
Brian Robinson,2025,,,,,,57.800000000000004,,,,,,,,,,,,,,,,,,,,,,,,,11.5,0.0
Brian Thomas,2024,,,,,,266.7,,,,,,,,,,,,,,,,,,,,,,,,,32.5,0.0
Brian Thomas,2025,,,,,,123.0,,,,,,,,,,,,,,,,,,,,,,,,,23.0,0.0
Brock Bowers,2024,,,,,,247.7,,,,,,,,,,,,,,,,,,,,,,,,,31.3,0.0
Brock Bowers,2025,,,,,,176.2,,,,,,,,,,,,,,,,,,,,,,,,,43.3,0.0
Brock Purdy,2022,,,,,,71.2,,,,,,,,,,,,,,,,,,,,,,,,,21.7,15.96
Brock Purdy,2023,,,,,,291.6,,,,,,,,,,,,,,,,,,,,,,,,,29.46,0.0
Brock Purdy,2024,,,,,,262.86,,,,,,,,,,,,,,,,,,,,,,,,,30.28,0.0
Brock Purdy,2025,,,,,,134.28,,,,,,,,,,,,,,,,,,,,,,,,,29.9,0.0
Bryan Edwards,2021,,,,,,84.5,,,,,,,,,,,,,,,,,,,,,,,,,17.8,0.0
Bryce Perkins,2022,,,,,,8.9,,,,,,,,,,,,,,,,,,,,,,,,,8.4,0.5
Bryce Young,2023,,,,,,147.22,,,,,,,,,,,,,,,,,,,,,,,,,21.18,0.0
Bryce Young,2024,,,,,,155.58,,,,,,,,,,,,,,,,,,,,,,,,,27.12,-0.16
Bryce Young,2025,,,,,,190.64,,,,,,,,,,,,,,,,,,,,,,,,,31.82,0.0
Bub Means,2024,,,,,,11.3,,,,,,,,,,,,,,,,,,,,,,,,,6.7,0.0
Bucky Irving,2024,,,,,,227.0,,,,,,,,,,,,,,,,,,,,,,,,,27.5,0.0
Bucky Irving,2025,,,,,,119.4,,,,,,,,,,,,,,,,,,,,,,,,,25.5,0.0
C.J. Stroud,2023,,,,,,251.46,,,,,,,,,,,,,,,,,,,,,,,,,40.8,0.0
C.J. Stroud,2024,,,,,,212.38,,,,,,,,,,,,,,,,,,,,,,,,,23.5,0.0
C.J. Stroud,2025,,,,,,175.52,,,,,,,,,,,,,,,,,,,,,,,,,28.76,0.0
Cade Otton,2022,,,,,,6.5,,,,,,,,,,,,,,,,,,,,,,,,,6.5,0.0
Cade Otton,2023,,,,,,41.1,,,,,,,,,,,,,,,,,,,,,,,,,9.6,0.0
Cade Otton,2024,,,,,,139.6,,,,,,,,,,,,,,,,,,,,,,,,,29.1,-0.4
Cade Otton,2025,,,,,,92.5,,,,,,,,,,,,,,,,,,,,,,,,,17.2,0.0
Caleb Huntley,2022,,,,,,3.6,,,,,,,,,,,,,,,,,,,,,,,,,3.4,0.0
Caleb Williams,2024,,,,,,239.62,,,,,,,,,,,,,,,,,,,,,,,,,28.64,0.0
Caleb Williams,2025,,,,,,272.6,,,,,,,,,,,,,,,,,,,,,,,,,38.7,0.0
Calvin Austin,2023,,,,,,21.1,,,,,,,,,,,,,,,,,,,,,,,,,15.2,5.9
Calvin Austin,2025,,,,,,52.9,,,,,,,,,,,,,,,,,,,,,,,,,12.4,0.0
Calvin Ridley,2021,,,,,,71.1,,,,,,,,,,,,,,,,,,,,,,,,,19.3,0.0
Calvin Ridley,2022,,,,,,0.0,,,,,,,,,,,,,,,,,,,,,,,,,0.0,0.0
Calvin Ridley,2023,,,,,,206.3,,,,,,,,,,,,,,,,,,,,,,,,,31.1,0.0
Calvin Ridley,2024,,,,,,188.9,,,,,,,,,,,,,,,,,,,,,,,,,25.4,0.0
Calvin Ridley,2025,,,,,,47.3,,,,,,,,,,,,,,,,,,,,,,,,,18.1,0.0
Cam Akers,2021,,,,,,0.0,,,,,,,,,,,,,,,,,,,,,,,,,0.0,0.0
Cam Akers,2022,,,,,,125.5,,,,,,,,,,,,,,,,,,,,,,,,,34.7,0.0
Cam Akers,2023,,,,,,46.699999999999996,,,,,,,,,,,,,,,,,,,,,,,,,9.5,0.0
Cam Akers,2024,,,,,,18.7,,,,,,,,,,,,,,,,,,,,,,,,,9.9,3.5
Cam Miller,2025,,,,,,0.0,,,,,,,,,,,,,,,,,,,,,,,,,0.0,0.0
Cam Newton,2021,,,,,,83.36,,,,,,,,,,,,,,,,,,,,,,,,,26.16,0.0
Cam Skattebo,2025,,,,,,127.7,,,,,,,,,,,,,,,,,,,,,,,,,31.0,0.0
Cam Ward,2025,,,,,,157.44,,,,,,,,,,,,,,,,,,,,,,,,,23.94,0.0
Carlos Hyde,2021,,,,,,7.3,,,,,,,,,,,,,,,,,,,,,,,,,7.3,7.3
Carson Steele,2024,,,,,,8.9,,,,,,,,,,,,,,,,,,,,,,,,,8.4,-0.4
Carson Wentz,2021,,,,,,243.92,,,,,,,,,,,,,,,,,,,,,,,,,24.18,0.0
Carson Wentz,2022,,,,,,92.46,,,,,,,,,,,,,,,,,,,,,,,,,27.72,0.0
Carson Wentz,2025,,,,,,14.74,,,,,,,,,,,,,,,,,,,,,,,,,14.74,14.74
Cedric Tillman,2023,,,,,,33.4,,,,,,,,,,,,,,,,,,,,,,,,,9.5,0.0
Cedric Tillman,2024,,,,,,58.9,,,,,,,,,,,,,,,,,,,,,,,,,28.9,0.0
Cedric Tillman,2025,,,,,,51.5,,,,,,,,,,,,,,,,,,,,,,,,,16.2,0.0
CeeDee Lamb,2021,,,,,,226.3,,,,,,,,,,,,,,,,,,,,,,,,,36.1,0.0
CeeDee Lamb,2022,,,,,,285.4,,,,,,,,,,,,,,,,,,,,,,,,,38.0,0.0
CeeDee Lamb,2023,,,,,,366.7,,,,,,,,,,,,,,,,,,,,,,,,,41.0,0.0
CeeDee Lamb,2024,,,,,,263.40000000000003,,,,,,,,,,,,,,,,,,,,,,,,,39.6,0.0
CeeDee Lamb,2025,,,,,,189.9,,,,,,,,,,,,,,,,,,,,,,,,,24.2,0.0
Chase Brown,2023,,,,,,46.199999999999996,,,,,,,,,,,,,,,,,,,,,,,,,19.5,0.0
Chase Brown,2024,,,,,,254.0,,,,,,,,,,,,,,,,,,,,,,,,,26.7,0.0
Chase Brown,2025,,,,,,232.5,,,,,,,,,,,,,,,,,,,,,,,,,32.9,0.0
Chase Claypool,2021,,,,,,148.6,,,,,,,,,,,,,,,,,,,,,,,,,24.0,0.0
Chase Claypool,2022,,,,,,100.14,,,,,,,,,,,,,,,,,,,,,,,,,23.4,0.0
Chase Claypool,2023,,,,,,0.0,,,,,,,,,,,,,,,,,,,,,,,,,0.0,0.0
Chase Edmonds,2021,,,,,,143.3,,,,,,,,,,,,,,,,,,,,,,,,,26.7,0.0
Chase Edmonds,2022,,,,,,51.5,,,,,,,,,,,,,,,,,,,,,,,,,15.7,0.0
Chig Okonkwo,2022,,,,,,35.9,,,,,,,,,,,,,,,,,,,,,,,,,18.5,2.0
Chig Okonkwo,2023,,,,,,107.80000000000001,,,,,,,,,,,,,,,,,,,,,,,,,18.3,0.0
Chig Okonkwo,2024,,,,,,15.5,,,,,,,,,,,,,,,,,,,,,,,,,10.9,4.6
Chig Okonkwo,2025,,,,,,12.4,,,,,,,,,,,,,,,,,,,,,,,,,7.5,0.0
Chimere Dike,2025,,,,,,102.0,,,,,,,,,,,,,,,,,,,,,,,,,21.4,-0.4
Chris Carson,2021,,,,,,48.1,,,,,,,,,,,,,,,,,,,,,,,,,16.2,0.0
Chris Evans,2021,,,,,,3.5,,,,,,,,,,,,,,,,,,,,,,,,,3.5,3.5
Chris Godwin,2021,,,,,,242.4,,,,,,,,,,,,,,,,,,,,,,,,,30.2,0.0
Chris Godwin,2022,,,,,,213.3,,,,,,,,,,,,,,,,,,,,,,,,,29.0,0.0
Chris Godwin,2023,,,,,,197.7,,,,,,,,,,,,,,,,,,,,,,,,,25.5,0.0
Chris Godwin,2024,,,,,,136.8,,,,,,,,,,,,,,,,,,,,,,,,,35.5,0.0
Chris Godwin,2025,,,,,,57.4,,,,,,,,,,,,,,,,,,,,,,,,,14.0,0.0
Chris Olave,2022,,,,,,183.2,,,,,,,,,,,,,,,,,,,,,,,,,23.7,0.0
Chris Olave,2023,,,,,,216.7,,,,,,,,,,,,,,,,,,,,,,,,,23.3,0.0
Chris Olave,2024,,,,,,76.7,,,,,,,,,,,,,,,,,,,,,,,,,20.6,-0.5
Chris Olave,2025,,,,,,242.1,,,,,,,,,,,,,,,,,,,,,,,,,36.8,0.0
Chris Rodriguez,2023,,,,,,26.8,,,,,,,,,,,,,,,,,,,,,,,,,19.5,0.0
Chris Rodriguez,2025,,,,,,25.0,,,,,,,,,,,,,,,,,,,,,,,,,13.9,0.0
Christian Kirk,2021,,,,,,201.32,,,,,,,,,,,,,,,,,,,,,,,,,24.4,0.0
Christian Kirk,2022,,,,,,220.0,,,,,,,,,,,,,,,,,,,,,,,,,31.5,0.0
Christian Kirk,2023,,,,,,150.26,,,,,,,,,,,,,,,,,,,,,,,,,21.96,0.0
Christian Kirk,2024,,,,,,70.9,,,,,,,,,,,,,,,,,,,,,,,,,19.1,0.0
Christian Kirk,2025,,,,,,55.099999999999994,,,,,,,,,,,,,,,,,,,,,,,,,16.4,0.0
Christian McCaffrey,2021,,,,,,126.5,,,,,,,,,,,,,,,,,,,,,,,,,27.7,0.0
Christian McCaffrey,2022,,,,,,338.46,,,,,,,,,,,,,,,,,,,,,,,,,39.26,0.0
Christian McCaffrey,2023,,,,,,390.3,,,,,,,,,,,,,,,,,,,,,,,,,48.7,0.0
Christian McCaffrey,2024,,,,,,47.8,,,,,,,,,,,,,,,,,,,,,,,,,16.7,0.0
Christian McCaffrey,2025,,,,,,374.8,,,,,,,,,,,,,,,,,,,,,,,,,39.1,0.0
Christian Watson,2022,,,,,,147.5,,,,,,,,,,,,,,,,,,,,,,,,,32.7,0.0
Christian Watson,2023,,,,,,101.3,,,,,,,,,,,,,,,,,,,,,,,,,27.6,0.0
Christian Watson,2024,,,,,,105.3,,,,,,,,,,,,,,,,,,,,,,,,,19.0,0.0
Christian Watson,2025,,,,,,110.1,,,,,,,,,,,,,,,,,,,,,,,,,24.9,0.0
Chuba Hubbard,2021,,,,,,124.0,,,,,,,,,,,,,,,,,,,,,,,,,18.4,0.0
Chuba Hubbard,2022,,,,,,50.4,,,,,,,,,,,,,,,,,,,,,,,,,15.3,0.0
Chuba Hubbard,2023,,,,,,170.29999999999998,,,,,,,,,,,,,,,,,,,,,,,,,22.4,0.0
Chuba Hubbard,2024,,,,,,240.6,,,,,,,,,,,,,,,,,,,,,,,,,32.5,0.0
Chuba Hubbard,2025,,,,,,118.89999999999999,,,,,,,,,,,,,,,,,,,,,,,,,20.4,0.0
Clayton Tune,2023,,,,,,-0.88,,,,,,,,,,,,,,,,,,,,,,,,,-0.88,-0.88
Clyde Edwards-Helaire,2021,,,,,,117.6,,,,,,,,,,,,,,,,,,,,,,,,,19.4,0.0
Clyde Edwards-Helaire,2022,,,,,,98.3,,,,,,,,,,,,,,,,,,,,,,,,,22.4,0.0
Clyde Edwards-Helaire,2023,,,,,,59.699999999999996,,,,,,,,,,,,,,,,,,,,,,,,,20.1,0.0
Colby Parkinson,2024,,,,,,16.0,,,,,,,,,,,,,,,,,,,,,,,,,8.7,0.0
Colby Parkinson,2025,,,,,,12.2,,,,,,,,,,,,,,,,,,,,,,,,,12.2,12.2
Cole Beasley,2021,,,,,,152.2,,,,,,,,,,,,,,,,,,,,,,,,,21.8,0.0
Cole Beasley,2022,,,,,,5.7,,,,,,,,,,,,,,,,,,,,,,,,,4.2,0.0
Cole Kmet,2021,,,,,,103.2,,,,,,,,,,,,,,,,,,,,,,,,,14.7,0.0
Cole Kmet,2022,,,,,,83.3,,,,,,,,,,,,,,,,,,,,,,,,,23.4,0.0
Cole Kmet,2023,,,,,,173.0,,,,,,,,,,,,,,,,,,,,,,,,,27.6,0.0
Cole Kmet,2024,,,,,,118.1,,,,,,,,,,,,,,,,,,,,,,,,,25.7,0.0
Cole Kmet,2025,,,,,,17.0,,,,,,,,,,,,,,,,,,,,,,,,,8.0,4.1
Colston Loveland,2025,,,,,,118.60000000000001,,,,,,,,,,,,,,,,,,,,,,,,,29.8,0.0
Cooper Kupp,2021,,,,,,412.9,,,,,,,,,,,,,,,,,,,,,,,,,37.6,0.0
Cooper Kupp,2022,,,,,,200.4,,,,,,,,,,,,,,,,,,,,,,,,,31.8,0.0
Cooper Kupp,2023,,,,,,164.4,,,,,,,,,,,,,,,,,,,,,,,,,27.8,0.0
Cooper Kupp,2024,,,,,,174.0,,,,,,,,,,,,,,,,,,,,,,,,,32.0,0.0
Cooper Kupp,2025,,,,,,57.3,,,,,,,,,,,,,,,,,,,,,,,,,16.0,0.0
Cooper Rush,2024,,,,,,65.6,,,,,,,,,,,,,,,,,,,,,,,,,18.06,-2.0
Cordarrelle Patterson,2021,,,,,,198.8,,,,,,,,,,,,,,,,,,,,,,,,,34.6,0.0
Cordarrelle Patterson,2022,,,,,,144.8,,,,,,,,,,,,,,,,,,,,,,,,,22.6,0.0
Corey Davis,2021,,,,,,104.2,,,,,,,,,,,,,,,,,,,,,,,,,26.7,0.0
Corey Davis,2022,,,,,,30.9,,,,,,,,,,,,,,,,,,,,,,,,,13.5,0.0
Courtland Sutton,2021,,,,,,147.29999999999998,,,,,,,,,,,,,,,,,,,,,,,,,25.0,0.0
Courtland Sutton,2022,,,,,,147.1,,,,,,,,,,,,,,,,,,,,,,,,,19.7,0.0
Courtland Sutton,2023,,,,,,189.0,,,,,,,,,,,,,,,,,,,,,,,,,19.6,0.0
Courtland Sutton,2024,,,,,,219.5,,,,,,,,,,,,,,,,,,,,,,,,,29.7,0.0
Courtland Sutton,2025,,,,,,210.2,,,,,,,,,,,,,,,,,,,,,,,,,24.3,0.0
Curtis Samuel,2021,,,,,,9.8,,,,,,,,,,,,,,,,,,,,,,,,,5.9,0.0
Curtis Samuel,2022,,,,,,175.9,,,,,,,,,,,,,,,,,,,,,,,,,22.9,0.0
Curtis Samuel,2023,,,,,,133.2,,,,,,,,,,,,,,,,,,,,,,,,,21.1,0.0
Curtis Samuel,2024,,,,,,21.8,,,,,,,,,,,,,,,,,,,,,,,,,7.4,0.9
D'Andre Swift,2021,,,,,,193.29999999999998,,,,,,,,,,,,,,,,,,,,,,,,,28.4,0.0
D'Andre Swift,2022,,,,,,174.5,,,,,,,,,,,,,,,,,,,,,,,,,27.7,0.0
D'Andre Swift,2023,,,,,,197.3,,,,,,,,,,,,,,,,,,,,,,,,,27.1,0.0
D'Andre Swift,2024,,,,,,200.0,,,,,,,,,,,,,,,,,,,,,,,,,29.5,0.0
D'Andre Swift,2025,,,,,,200.9,,,,,,,,,,,,,,,,,,,,,,,,,25.5,0.0
D'Ernest Johnson,2021,,,,,,78.39999999999999,,,,,,,,,,,,,,,,,,,,,,,,,24.8,0.0
D'Ernest Johnson,2022,,,,,,1.7,,,,,,,,,,,,,,,,,,,,,,,,,1.7,0.0
D'Ernest Johnson,2023,,,,,,6.699999999999999,,,,,,,,,,,,,,,,,,,,,,,,,4.8,1.9
D'Onta Foreman,2021,,,,,,12.7,,,,,,,,,,,,,,,,,,,,,,,,,7.7,5.0
D'Onta Foreman,2022,,,,,,97.0,,,,,,,,,,,,,,,,,,,,,,,,,31.8,-0.1
D'Onta Foreman,2023,,,,,,81.89999999999999,,,,,,,,,,,,,,,,,,,,,,,,,33.0,-0.6
DJ Chark,2021,,,,,,34.400000000000006,,,,,,,,,,,,,,,,,,,,,,,,,17.6,0.0
DJ Chark,2022,,,,,,69.39999999999999,,,,,,,,,,,,,,,,,,,,,,,,,21.4,0.0
DJ Chark,2023,,,,,,57.900000000000006,,,,,,,,,,,,,,,,,,,,,,,,,18.6,0.0
DJ Giddens,2025,,,,,,6.6,,,,,,,,,,,,,,,,,,,,,,,,,4.1,0.0
DJ Moore,2021,,,,,,220.5,,,,,,,,,,,,,,,,,,,,,,,,,31.9,0.0
DJ Moore,2022,,,,,,197.10000000000002,,,,,,,,,,,,,,,,,,,,,,,,,27.5,0.0
DJ Moore,2023,,,,,,276.1,,,,,,,,,,,,,,,,,,,,,,,,,49.0,0.0
DJ Moore,2024,,,,,,216.0,,,,,,,,,,,,,,,,,,,,,,,,,27.5,0.0
DJ Moore,2025,,,,,,166.38,,,,,,,,,,,,,,,,,,,,,,,,,23.4,0.0
DK Metcalf,2021,,,,,,232.5,,,,,,,,,,,,,,,,,,,,,,,,,30.9,0.0
DK Metcalf,2022,,,,,,219.8,,,,,,,,,,,,,,,,,,,,,,,,,26.7,0.0
DK Metcalf,2023,,,,,,223.4,,,,,,,,,,,,,,,,,,,,,,,,,37.4,0.0
DK Metcalf,2024,,,,,,176.9,,,,,,,,,,,,,,,,,,,,,,,,,28.9,0.0
DK Metcalf,2025,,,,,,187.2,,,,,,,,,,,,,,,,,,,,,,,,,23.6,0.0
Dak Prescott,2021,,,,,,280.76,,,,,,,,,,,,,,,,,,,,,,,,,30.3,0.0
Dak Prescott,2022,,,,,,186.88,,,,,,,,,,,,,,,,,,,,,,,,,26.98,0.0
Dak Prescott,2023,,,,,,315.68,,,,,,,,,,,,,,,,,,,,,,,,,37.86,0.0
Dak Prescott,2024,,,,,,113.52,,,,,,,,,,,,,,,,,,,,,,,,,28.86,0.0
Dak Prescott,2025,,,,,,286.4,,,,,,,,,,,,,,,,,,,,,,,,,30.96,0.0
Dallas Goedert,2021,,,,,,164.0,,,,,,,,,,,,,,,,,,,,,,,,,28.5,0.0
Dallas Goedert,2022,,,,,,130.6,,,,,,,,,,,,,,,,,,,,,,,,,24.0,0.0
Dallas Goedert,2023,,,,,,134.9,,,,,,,,,,,,,,,,,,,,,,,,,25.7,0.0
Dallas Goedert,2024,,,,,,92.1,,,,,,,,,,,,,,,,,,,,,,,,,26.0,0.0
Dallas Goedert,2025,,,,,,175.3,,,,,,,,,,,,,,,,,,,,,,,,,26.0,0.0
Dalton Kincaid,2023,,,,,,134.9,,,,,,,,,,,,,,,,,,,,,,,,,17.5,0.0
Dalton Kincaid,2024,,,,,,99.8,,,,,,,,,,,,,,,,,,,,,,,,,13.1,0.0
Dalton Kincaid,2025,,,,,,117.30000000000001,,,,,,,,,,,,,,,,,,,,,,,,,22.1,0.0
Dalton Schultz,2021,,,,,,133.6,,,,,,,,,,,,,,,,,,,,,,,,,22.2,0.0
Dalton Schultz,2022,,,,,,135.4,,,,,,,,,,,,,,,,,,,,,,,,,24.6,0.0
Dalton Schultz,2023,,,,,,141.3,,,,,,,,,,,,,,,,,,,,,,,,,27.0,0.0
Dalton Schultz,2024,,,,,,112.3,,,,,,,,,,,,,,,,,,,,,,,,,17.1,0.0
Dalton Schultz,2025,,,,,,85.10000000000001,,,,,,,,,,,,,,,,,,,,,,,,,21.6,0.0
Dalvin Cook,2021,,,,,,196.1,,,,,,,,,,,,,,,,,,,,,,,,,35.2,0.0
Dalvin Cook,2022,,,,,,235.1,,,,,,,,,,,,,,,,,,,,,,,,,27.0,0.0
Dalvin Cook,2023,,,,,,17.8,,,,,,,,,,,,,,,,,,,,,,,,,8.9,0.2
Dameon Pierce,2022,,,,,,164.4,,,,,,,,,,,,,,,,,,,,,,,,,25.9,0.0
Dameon Pierce,2023,,,,,,82.7,,,,,,,,,,,,,,,,,,,,,,,,,14.9,0.0
Dameon Pierce,2024,,,,,,1.8,,,,,,,,,,,,,,,,,,,,,,,,,1.6,0.2
Damien Harris,2021,,,,,,192.8,,,,,,,,,,,,,,,,,,,,,,,,,28.3,0.0
Damien Harris,2022,,,,,,73.4,,,,,,,,,,,,,,,,,,,,,,,,,16.7,0.0
Damien Harris,2023,,,,,,19.0,,,,,,,,,,,,,,,,,,,,,,,,,9.3,0.0
Damien Williams,2021,,,,,,17.9,,,,,,,,,,,,,,,,,,,,,,,,,16.4,-0.3
Dan Arnold,2021,,,,,,15.6,,,,,,,,,,,,,,,,,,,,,,,,,13.7,0.0
Daniel Bellinger,2022,,,,,,48.0,,,,,,,,,,,,,,,,,,,,,,,,,14.8,0.0
Daniel Bellinger,2023,,,,,,50.5,,,,,,,,,,,,,,,,,,,,,,,,,8.3,0.0
Daniel Bellinger,2024,,,,,,4.0,,,,,,,,,,,,,,,,,,,,,,,,,2.7,0.0
Daniel Jones,2021,,,,,,163.52,,,,,,,,,,,,,,,,,,,,,,,,,29.46,0.0
Daniel Jones,2022,,,,,,286.0,,,,,,,,,,,,,,,,,,,,,,,,,36.18,0.0
Daniel Jones,2023,,,,,,53.96,,,,,,,,,,,,,,,,,,,,,,,,,30.74,0.0
Daniel Jones,2024,,,,,,133.3,,,,,,,,,,,,,,,,,,,,,,,,,24.36,0.0
Daniel Jones,2025,,,,,,220.44,,,,,,,,,,,,,,,,,,,,,,,,,29.48,0.0
Dare Ogunbowale,2021,,,,,,14.8,,,,,,,,,,,,,,,,,,,,,,,,,14.8,14.8
Darius Slayton,2021,,,,,,5.1,,,,,,,,,,,,,,,,,,,,,,,,,3.3,1.8
Darius Slayton,2022,,,,,,63.7,,,,,,,,,,,,,,,,,,,,,,,,,15.0,1.4
Darius Slayton,2024,,,,,,16.4,,,,,,,,,,,,,,,,,,,,,,,,,11.7,4.7
Darius Slayton,2025,,,,,,7.3999999999999995,,,,,,,,,,,,,,,,,,,,,,,,,4.1,3.3
Darnell Mooney,2021,,,,,,195.1,,,,,,,,,,,,,,,,,,,,,,,,,23.1,0.0
Darnell Mooney,2022,,,,,,101.5,,,,,,,,,,,,,,,,,,,,,,,,,17.5,0.0
Darnell Mooney,2023,,,,,,41.1,,,,,,,,,,,,,,,,,,,,,,,,,15.3,0.0
Darnell Mooney,2024,,,,,,193.2,,,,,,,,,,,,,,,,,,,,,,,,,31.5,0.0
Darnell Mooney,2025,,,,,,69.8,,,,,,,,,,,,,,,,,,,,,,,,,16.4,0.0
Darrel Williams,2021,,,,,,42.599999999999994,,,,,,,,,,,,,,,,,,,,,,,,,23.9,8.0
Darrell Henderson,2021,,,,,,163.4,,,,,,,,,,,,,,,,,,,,,,,,,24.7,0.0
Darrell Henderson,2022,,,,,,73.5,,,,,,,,,,,,,,,,,,,,,,,,,13.2,0.0
Darrell Henderson,2023,,,,,,43.5,,,,,,,,,,,,,,,,,,,,,,,,,13.6,0.0
Darren Waller,2021,,,,,,129.3,,,,,,,,,,,,,,,,,,,,,,,,,26.5,0.0
Darren Waller,2022,,,,,,79.3,,,,,,,,,,,,,,,,,,,,,,,,,17.0,0.0
Darren Waller,2023,,,,,,103.7,,,,,,,,,,,,,,,,,,,,,,,,,22.8,0.0
Darren Waller,2025,,,,,,70.0,,,,,,,,,,,,,,,,,,,,,,,,,25.6,0.0
Davante Adams,2021,,,,,,332.8,,,,,,,,,,,,,,,,,,,,,,,,,37.6,0.0
Davante Adams,2022,,,,,,322.2,,,,,,,,,,,,,,,,,,,,,,,,,37.7,0.0
Davante Adams,2023,,,,,,249.8,,,,,,,,,,,,,,,,,,,,,,,,,42.2,0.0
Davante Adams,2024,,,,,,220.5,,,,,,,,,,,,,,,,,,,,,,,,,42.8,0.0
Davante Adams,2025,,,,,,222.9,,,,,,,,,,,,,,,,,,,,,,,,,26.5,0.0
David Bell,2022,,,,,,45.4,,,,,,,,,,,,,,,,,,,,,,,,,6.3,0.0
David Johnson,2021,,,,,,43.2,,,,,,,,,,,,,,,,,,,,,,,,,11.8,1.1
David Montgomery,2021,,,,,,185.10000000000002,,,,,,,,,,,,,,,,,,,,,,,,,28.1,0.0
David Montgomery,2022,,,,,,175.6,,,,,,,,,,,,,,,,,,,,,,,,,24.1,0.0
David Montgomery,2023,,,,,,196.2,,,,,,,,,,,,,,,,,,,,,,,,,34.1,0.0
David Montgomery,2024,,,,,,220.72,,,,,,,,,,,,,,,,,,,,,,,,,24.5,0.0
David Montgomery,2025,,,,,,153.42,,,,,,,,,,,,,,,,,,,,,,,,,29.4,0.0
David Njoku,2022,,,,,,96.0,,,,,,,,,,,,,,,,,,,,,,,,,18.7,0.0
David Njoku,2023,,,,,,201.2,,,,,,,,,,,,,,,,,,,,,,,,,27.1,0.0
David Njoku,2024,,,,,,148.5,,,,,,,,,,,,,,,,,,,,,,,,,26.2,0.0
David Njoku,2025,,,,,,86.3,,,,,,,,,,,,,,,,,,,,,,,,,18.7,0.0
Davis Allen,2023,,,,,,2.4,,,,,,,,,,,,,,,,,,,,,,,,,2.4,0.0
Davis Mills,2021,,,,,,93.0,,,,,,,,,,,,,,,,,,,,,,,,,19.4,-5.32
Davis Mills,2022,,,,,,112.56,,,,,,,,,,,,,,,,,,,,,,,,,18.08,0.0
Dawson Knox,2021,,,,,,102.39999999999999,,,,,,,,,,,,,,,,,,,,,,,,,20.7,0.0
Dawson Knox,2022,,,,,,126.4,,,,,,,,,,,,,,,,,,,,,,,,,21.8,0.0
Dawson Knox,2023,,,,,,11.2,,,,,,,,,,,,,,,,,,,,,,,,,6.6,0.0
Dawson Knox,2025,,,,,,8.9,,,,,,,,,,,,,,,,,,,,,,,,,8.9,8.9
De'Von Achane,2023,,,,,,177.6,,,,,,,,,,,,,,,,,,,,,,,,,51.3,0.0
De'Von Achane,2024,,,,,,280.8,,,,,,,,,,,,,,,,,,,,,,,,,32.1,0.0
De'Von Achane,2025,,,,,,307.6,,,,,,,,,,,,,,,,,,,,,,,,,40.5,0.0
DeAndre Carter,2022,,,,,,33.0,,,,,,,,,,,,,,,,,,,,,,,,,16.4,6.3
DeAndre Hopkins,2021,,,,,,147.2,,,,,,,,,,,,,,,,,,,,,,,,,26.3,0.0
DeAndre Hopkins,2022,,,,,,150.7,,,,,,,,,,,,,,,,,,,,,,,,,33.9,0.0
DeAndre Hopkins,2023,,,,,,206.0,,,,,,,,,,,,,,,,,,,,,,,,,34.8,0.0
DeAndre Hopkins,2024,,,,,,146.0,,,,,,,,,,,,,,,,,,,,,,,,,28.6,-0.2
DeAndre Hopkins,2025,,,,,,13.8,,,,,,,,,,,,,,,,,,,,,,,,,11.5,2.3
DeMario Douglas,2023,,,,,,67.7,,,,,,,,,,,,,,,,,,,,,,,,,14.4,0.0
DeMario Douglas,2024,,,,,,140.3,,,,,,,,,,,,,,,,,,,,,,,,,21.2,0.0
DeMario Douglas,2025,,,,,,36.6,,,,,,,,,,,,,,,,,,,,,,,,,8.2,1.8
DeVante Parker,2021,,,,,,100.3,,,,,,,,,,,,,,,,,,,,,,,,,17.7,0.0
DeVante Parker,2022,,,,,,1.9,,,,,,,,,,,,,,,,,,,,,,,,,1.9,0.0
DeVonta Smith,2021,,,,,,178.5,,,,,,,,,,,,,,,,,,,,,,,,,22.6,0.0
DeVonta Smith,2022,,,,,,240.9,,,,,,,,,,,,,,,,,,,,,,,,,31.3,0.0
DeVonta Smith,2023,,,,,,227.6,,,,,,,,,,,,,,,,,,,,,,,,,24.6,0.0
DeVonta Smith,2024,,,,,,199.4,,,,,,,,,,,,,,,,,,,,,,,,,30.0,0.0
DeVonta Smith,2025,,,,,,189.1,,,,,,,,,,,,,,,,,,,,,,,,,33.3,0.0
Dee Eskridge,2021,,,,,,27.700000000000003,,,,,,,,,,,,,,,,,,,,,,,,,12.5,0.0
DeeJay Dallas,2021,,,,,,2.0,,,,,,,,,,,,,,,,,,,,,,,,,2.0,0.0
DeeJay Dallas,2022,,,,,,0.1,,,,,,,,,,,,,,,,,,,,,,,,,0.1,0.1
Deebo Samuel,2021,,,,,,308.0,,,,,,,,,,,,,,,,,,,,,,,,,35.7,0.0
Deebo Samuel,2022,,,,,,163.0,,,,,,,,,,,,,,,,,,,,,,,,,23.7,0.0
Deebo Samuel,2023,,,,,,237.5,,,,,,,,,,,,,,,,,,,,,,,,,35.8,0.0
Deebo Samuel,2024,,,,,,152.6,,,,,,,,,,,,,,,,,,,,,,,,,25.1,0.0
Deebo Samuel,2025,,,,,,170.8,,,,,,,,,,,,,,,,,,,,,,,,,23.6,0.0
Demarcus Robinson,2023,,,,,,12.2,,,,,,,,,,,,,,,,,,,,,,,,,12.2,12.2
Demarcus Robinson,2024,,,,,,113.3,,,,,,,,,,,,,,,,,,,,,,,,,27.4,0.0
Demaryius Thomas,2021,,,,,,0.0,,,,,,,,,,,,,,,,,,,,,,,,,0.0,0.0
Deneric Prince,2023,,,,,,0.0,,,,,,,,,,,,,,,,,,,,,,,,,0.0,0.0
Deon Jackson,2022,,,,,,37.6,,,,,,,,,,,,,,,,,,,,,,,,,28.1,3.9
Derek Carr,2021,,,,,,234.62,,,,,,,,,,,,,,,,,,,,,,,,,23.0,0.0
Derek Carr,2022,,,,,,215.08,,,,,,,,,,,,,,,,,,,,,,,,,20.8,0.0
Derek Carr,2023,,,,,,210.95999999999998,,,,,,,,,,,,,,,,,,,,,,,,,24.96,0.0
Derek Carr,2024,,,,,,147.9,,,,,,,,,,,,,,,,,,,,,,,,,21.82,0.0
Derrick Henry,2021,,,,,,192.3,,,,,,,,,,,,,,,,,,,,,,,,,47.7,0.0
Derrick Henry,2022,,,,,,285.96,,,,,,,,,,,,,,,,,,,,,,,,,35.8,0.0
Derrick Henry,2023,,,,,,225.36,,,,,,,,,,,,,,,,,,,,,,,,,25.0,0.0
Derrick Henry,2024,,,,,,304.3,,,,,,,,,,,,,,,,,,,,,,,,,34.9,0.0
Derrick Henry,2025,,,,,,220.3,,,,,,,,,,,,,,,,,,,,,,,,,29.2,0.0
Deshaun Watson,2021,,,,,,0.0,,,,,,,,,,,,,,,,,,,,,,,,,0.0,0.0
Deshaun Watson,2022,,,,,,67.98,,,,,,,,,,,,,,,,,,,,,,,,,21.86,0.0
Deshaun Watson,2023,,,,,,83.8,,,,,,,,,,,,,,,,,,,,,,,,,20.16,-1.8
Deshaun Watson,2024,,,,,,74.72,,,,,,,,,,,,,,,,,,,,,,,,,16.44,0.0
Desmond Ridder,2022,,,,,,21.86,,,,,,,,,,,,,,,,,,,,,,,,,8.52,0.0
Desmond Ridder,2023,,,,,,156.5,,,,,,,,,,,,,,,,,,,,,,,,,26.16,-1.32
Deuce Vaughn,2023,,,,,,15.0,,,,,,,,,,,,,,,,,,,,,,,,,6.2,0.0
Devaughn Vele,2024,,,,,,67.8,,,,,,,,,,,,,,,,,,,,,,,,,14.0,0.0
Devaughn Vele,2025,,,,,,21.4,,,,,,,,,,,,,,,,,,,,,,,,,11.9,0.0
Devin Duvernay,2022,,,,,,72.6,,,,,,,,,,,,,,,,,,,,,,,,,16.4,0.0
Devin Neal,2025,,,,,,60.0,,,,,,,,,,,,,,,,,,,,,,,,,15.4,0.0
Devin Singletary,2021,,,,,,167.6,,,,,,,,,,,,,,,,,,,,,,,,,23.0,0.0
Devin Singletary,2022,,,,,,176.0,,,,,,,,,,,,,,,,,,,,,,,,,24.1,0.0
Devin Singletary,2023,,,,,,152.84,,,,,,,,,,,,,,,,,,,,,,,,,23.1,0.0
Devin Singletary,2024,,,,,,93.9,,,,,,,,,,,,,,,,,,,,,,,,,18.8,0.0
Devin Singletary,2025,,,,,,0.0,,,,,,,,,,,,,,,,,,,,,,,,,0.0,0.0
Devonta Freeman,2021,,,,,,97.8,,,,,,,,,,,,,,,,,,,,,,,,,20.7,0.0
Devontae Booker,2021,,,,,,112.1,,,,,,,,,,,,,,,,,,,,,,,,,17.5,0.0
Dez Fitzpatrick,2021,,,,,,0.0,,,,,,,,,,,,,,,,,,,,,,,,,0.0,0.0
Dillon Gabriel,2025,,,,,,70.08,,,,,,,,,,,,,,,,,,,,,,,,,20.08,0.0
Diontae Johnson,2021,,,,,,262.3,,,,,,,,,,,,,,,,,,,,,,,,,30.5,0.0
Diontae Johnson,2022,,,,,,171.9,,,,,,,,,,,,,,,,,,,,,,,,,20.0,0.0
Diontae Johnson,2023,,,,,,132.8,,,,,,,,,,,,,,,,,,,,,,,,,22.0,0.0
Diontae Johnson,2024,,,,,,85.9,,,,,,,,,,,,,,,,,,,,,,,,,26.2,0.0
Donovan Peoples-Jones,2021,,,,,,40.5,,,,,,,,,,,,,,,,,,,,,,,,,14.0,0.0
Donovan Peoples-Jones,2022,,,,,,102.2,,,,,,,,,,,,,,,,,,,,,,,,,19.4,0.0
Donovan Peoples-Jones,2023,,,,,,10.8,,,,,,,,,,,,,,,,,,,,,,,,,6.9,1.7
Dont'e Thornton,2025,,,,,,20.3,,,,,,,,,,,,,,,,,,,,,,,,,6.5,0.0
Dontayvion Wicks,2023,,,,,,36.9,,,,,,,,,,,,,,,,,,,,,,,,,14.7,0.0
Dontayvion Wicks,2024,,,,,,100.60000000000001,,,,,,,,,,,,,,,,,,,,,,,,,24.8,0.0
Dontayvion Wicks,2025,,,,,,74.1,,,,,,,,,,,,,,,,,,,,,,,,,28.0,0.0
Dontrell Hilliard,2021,,,,,,11.200000000000001,,,,,,,,,,,,,,,,,,,,,,,,,9.9,1.3
Dorian Thompson-Robinson,2023,,,,,,17.3,,,,,,,,,,,,,,,,,,,,,,,,,10.46,0.0
Dorian Thompson-Robinson,2024,,,,,,0.0,,,,,,,,,,,,,,,,,,,,,,,,,0.0,0.0
Drake London,2022,,,,,,160.6,,,,,,,,,,,,,,,,,,,,,,,,,24.6,0.0
Drake London,2023,,,,,,166.28,,,,,,,,,,,,,,,,,,,,,,,,,29.2,0.0
Drake London,2024,,,,,,240.1,,,,,,,,,,,,,,,,,,,,,,,,,33.4,0.0
Drake London,2025,,,,,,182.7,,,,,,,,,,,,,,,,,,,,,,,,,38.8,0.0
Drake Maye,2024,,,,,,174.14,,,,,,,,,,,,,,,,,,,,,,,,,20.84,0.0
Drake Maye,2025,,,,,,298.78,,,,,,,,,,,,,,,,,,,,,,,,,26.3,0.0
Drew Brees,2024,,,,,,0.0,,,,,,,,,,,,,,,,,,,,,,,,,0.0,0.0
Drew Lock,2023,,,,,,0.0,,,,,,,,,,,,,,,,,,,,,,,,,0.0,0.0
Dyami Brown,2021,,,,,,28.1,,,,,,,,,,,,,,,,,,,,,,,,,7.3,-0.4
Dyami Brown,2024,,,,,,0.0,,,,,,,,,,,,,,,,,,,,,,,,,0.0,0.0
Dyami Brown,2025,,,,,,21.5,,,,,,,,,,,,,,,,,,,,,,,,,7.0,-1.6
Dylan Laube,2024,,,,,,0.0,,,,,,,,,,,,,,,,,,,,,,,,,0.0,0.0
Dylan Sampson,2025,,,,,,75.5,,,,,,,,,,,,,,,,,,,,,,,,,17.3,-0.2
Easton Stick,2023,,,,,,17.38,,,,,,,,,,,,,,,,,,,,,,,,,17.38,17.38
Elic Ayomanor,2025,,,,,,94.8,,,,,,,,,,,,,,,,,,,,,,,,,15.6,0.0
Elijah Arroyo,2025,,,,,,36.9,,,,,,,,,,,,,,,,,,,,,,,,,10.9,0.0
Elijah Mitchell,2021,,,,,,156.5,,,,,,,,,,,,,,,,,,,,,,,,,27.8,0.0
Elijah Mitchell,2022,,,,,,26.1,,,,,,,,,,,,,,,,,,,,,,,,,9.8,0.0
Elijah Mitchell,2023,,,,,,32.8,,,,,,,,,,,,,,,,,,,,,,,,,14.0,-0.3
Elijah Mitchell,2024,,,,,,0.0,,,,,,,,,,,,,,,,,,,,,,,,,0.0,0.0
Elijah Moore,2021,,,,,,138.2,,,,,,,,,,,,,,,,,,,,,,,,,29.6,0.0
Elijah Moore,2022,,,,,,86.0,,,,,,,,,,,,,,,,,,,,,,,,,14.0,0.0
Elijah Moore,2023,,,,,,132.1,,,,,,,,,,,,,,,,,,,,,,,,,17.1,0.0
Elijah Moore,2024,,,,,,60.099999999999994,,,,,,,,,,,,,,,,,,,,,,,,,19.2,1.1
Emanuel Wilson,2024,,,,,,57.7,,,,,,,,,,,,,,,,,,,,,,,,,12.6,0.0
Emanuel Wilson,2025,,,,,,69.4,,,,,,,,,,,,,,,,,,,,,,,,,26.5,0.0
Emari Demercado,2023,,,,,,41.0,,,,,,,,,,,,,,,,,,,,,,,,,14.0,0.0
Emari Demercado,2025,,,,,,6.1,,,,,,,,,,,,,,,,,,,,,,,,,6.1,6.1
Emeka Egbuka,2025,,,,,,188.9,,,,,,,,,,,,,,,,,,,,,,,,,31.3,0.0
Emmanuel Sanders,2021,,,,,,65.2,,,,,,,,,,,,,,,,,,,,,,,,,20.4,0.0
Eno Benjamin,2022,,,,,,86.3,,,,,,,,,,,,,,,,,,,,,,,,,23.3,0.0
Eric Gray,2023,,,,,,6.2,,,,,,,,,,,,,,,,,,,,,,,,,3.6,-1.0
Eric Gray,2024,,,,,,14.3,,,,,,,,,,,,,,,,,,,,,,,,,6.4,-2.0
Erick All,2024,,,,,,28.6,,,,,,,,,,,,,,,,,,,,,,,,,6.8,0.0
Evan Engram,2021,,,,,,101.1,,,,,,,,,,,,,,,,,,,,,,,,,12.8,0.0
Evan Engram,2022,,,,,,106.2,,,,,,,,,,,,,,,,,,,,,,,,,39.2,0.0
Evan Engram,2023,,,,,,205.4,,,,,,,,,,,,,,,,,,,,,,,,,32.5,0.0
Evan Engram,2024,,,,,,89.5,,,,,,,,,,,,,,,,,,,,,,,,,18.2,0.0
Evan Engram,2025,,,,,,89.2,,,,,,,,,,,,,,,,,,,,,,,,,13.9,0.0
Ezekiel Elliott,2021,,,,,,242.06,,,,,,,,,,,,,,,,,,,,,,,,,26.6,0.0
Ezekiel Elliott,2022,,,,,,184.8,,,,,,,,,,,,,,,,,,,,,,,,,18.1,0.0
Ezekiel Elliott,2023,,,,,,160.4,,,,,,,,,,,,,,,,,,,,,,,,,27.0,0.0
Ezekiel Elliott,2024,,,,,,57.5,,,,,,,,,,,,,,,,,,,,,,,,,12.9,0.0
Foster Moreau,2022,,,,,,12.3,,,,,,,,,,,,,,,,,,,,,,,,,12.3,12.3
Gabe Davis,2021,,,,,,7.0,,,,,,,,,,,,,,,,,,,,,,,,,7.0,0.0
Gabe Davis,2022,,,,,,164.7,,,,,,,,,,,,,,,,,,,,,,,,,32.1,0.0
Gabe Davis,2023,,,,,,161.4,,,,,,,,,,,,,,,,,,,,,,,,,23.7,0.0
Gabe Davis,2024,,,,,,52.6,,,,,,,,,,,,,,,,,,,,,,,,,21.5,0.0
Gardner Minshew,2021,,,,,,17.78,,,,,,,,,,,,,,,,,,,,,,,,,17.78,0.0
Gardner Minshew,2022,,,,,,32.66,,,,,,,,,,,,,,,,,,,,,,,,,21.7,10.96
Gardner Minshew,2023,,,,,,155.14000000000001,,,,,,,,,,,,,,,,,,,,,,,,,27.1,0.0
Gardner Minshew,2024,,,,,,81.0,,,,,,,,,,,,,,,,,,,,,,,,,17.98,0.0
Garrett Wilson,2022,,,,,,196.79999999999998,,,,,,,,,,,,,,,,,,,,,,,,,30.0,0.0
Garrett Wilson,2023,,,,,,207.8,,,,,,,,,,,,,,,,,,,,,,,,,20.1,0.0
Garrett Wilson,2024,,,,,,242.8,,,,,,,,,,,,,,,,,,,,,,,,,30.0,0.0
Garrett Wilson,2025,,,,,,98.5,,,,,,,,,,,,,,,,,,,,,,,,,24.4,0.0
Geno Smith,2022,,,,,,213.38,,,,,,,,,,,,,,,,,,,,,,,,,24.02,0.0
Geno Smith,2023,,,,,,204.9,,,,,,,,,,,,,,,,,,,,,,,,,29.96,0.0
Geno Smith,2024,,,,,,230.68,,,,,,,,,,,,,,,,,,,,,,,,,22.56,0.0
Geno Smith,2025,,,,,,163.76,,,,,,,,,,,,,,,,,,,,,,,,,26.26,0.0
George Kittle,2021,,,,,,191.0,,,,,,,,,,,,,,,,,,,,,,,,,39.6,0.0
George Kittle,2022,,,,,,181.6,,,,,,,,,,,,,,,,,,,,,,,,,30.0,0.0
George Kittle,2023,,,,,,203.20000000000002,,,,,,,,,,,,,,,,,,,,,,,,,27.7,0.0
George Kittle,2024,,,,,,231.9,,,,,,,,,,,,,,,,,,,,,,,,,24.8,0.0
George Kittle,2025,,,,,,153.6,,,,,,,,,,,,,,,,,,,,,,,,,24.7,0.0
George Pickens,2022,,,,,,150.3,,,,,,,,,,,,,,,,,,,,,,,,,18.3,0.0
George Pickens,2023,,,,,,205.5,,,,,,,,,,,,,,,,,,,,,,,,,34.5,0.0
George Pickens,2024,,,,,,163.4,,,,,,,,,,,,,,,,,,,,,,,,,22.1,0.0
George Pickens,2025,,,,,,274.2,,,,,,,,,,,,,,,,,,,,,,,,,33.4,0.0
Gerald Everett,2021,,,,,,11.3,,,,,,,,,,,,,,,,,,,,,,,,,10.0,1.3
Gerald Everett,2022,,,,,,102.2,,,,,,,,,,,,,,,,,,,,,,,,,17.1,0.0
Gerald Everett,2023,,,,,,106.7,,,,,,,,,,,,,,,,,,,,,,,,,14.3,0.0
Greg Dortch,2022,,,,,,31.7,,,,,,,,,,,,,,,,,,,,,,,,,17.0,0.0
Greg Dortch,2023,,,,,,14.6,,,,,,,,,,,,,,,,,,,,,,,,,11.7,2.9
Greg Dortch,2024,,,,,,23.7,,,,,,,,,,,,,,,,,,,,,,,,,7.8,1.7
Greg Dulcich,2022,,,,,,86.1,,,,,,,,,,,,,,,,,,,,,,,,,14.5,0.0
Greg Dulcich,2023,,,,,,5.5,,,,,,,,,,,,,,,,,,,,,,,,,4.2,0.0
Greg Dulcich,2024,,,,,,3.2,,,,,,,,,,,,,,,,,,,,,,,,,3.2,3.2
Gunnar Helm,2025,,,,,,90.60000000000001,,,,,,,,,,,,,,,,,,,,,,,,,14.9,0.0
Gus Edwards,2021,,,,,,0.0,,,,,,,,,,,,,,,,,,,,,,,,,0.0,0.0
Gus Edwards,2022,,,,,,25.1,,,,,,,,,,,,,,,,,,,,,,,,,18.6,0.0
Gus Edwards,2023,,,,,,158.9,,,,,,,,,,,,,,,,,,,,,,,,,28.4,0.0
Gus Edwards,2024,,,,,,58.6,,,,,,,,,,,,,,,,,,,,,,,,,20.1,0.0
Harold Fannin,2025,,,,,,175.4,,,,,,,,,,,,,,,,,,,,,,,,,25.4,0.0
Hassan Haskins,2022,,,,,,20.9,,,,,,,,,,,,,,,,,,,,,,,,,7.3,0.0
Hassan Haskins,2025,,,,,,3.3,,,,,,,,,,,,,,,,,,,,,,,,,3.3,3.3
Hayden Hurst,2022,,,,,,69.6,,,,,,,,,,,,,,,,,,,,,,,,,17.3,0.0
Hendon Hooker,2023,,,,,,0.0,,,,,,,,,,,,,,,,,,,,,,,,,0.0,0.0
Hendon Hooker,2025,,,,,,0.0,,,,,,,,,,,,,,,,,,,,,,,,,0.0,0.0
Henry Ruggs,2021,,,,,,84.5,,,,,,,,,,,,,,,,,,,,,,,,,22.5,6.6
Hunter Henry,2021,,,,,,150.7,,,,,,,,,,,,,,,,,,,,,,,,,25.7,0.0
Hunter Henry,2023,,,,,,85.1,,,,,,,,,,,,,,,,,,,,,,,,,19.6,0.0
Hunter Henry,2024,,,,,,122.7,,,,,,,,,,,,,,,,,,,,,,,,,17.2,0.0
Hunter Henry,2025,,,,,,154.3,,,,,,,,,,,,,,,,,,,,,,,,,29.0,0.0
Hunter Renfrow,2021,,,,,,180.3,,,,,,,,,,,,,,,,,,,,,,,,,28.7,0.0
Hunter Renfrow,2022,,,,,,57.7,,,,,,,,,,,,,,,,,,,,,,,,,14.2,0.0
Hunter Renfrow,2025,,,,,,8.7,,,,,,,,,,,,,,,,,,,,,,,,,3.1,2.6
Irv Smith,2021,,,,,,0.0,,,,,,,,,,,,,,,,,,,,,,,,,0.0,0.0
Irv Smith,2022,,,,,,28.4,,,,,,,,,,,,,,,,,,,,,,,,,9.7,0.0
Isaac Guerendo,2024,,,,,,91.7,,,,,,,,,,,,,,,,,,,,,,,,,26.8,-2.0
Isaac TeSlaa,2025,,,,,,59.2,,,,,,,,,,,,,,,,,,,,,,,,,15.2,0.0
Isaiah Bond,2025,,,,,,49.400000000000006,,,,,,,,,,,,,,,,,,,,,,,,,10.9,0.0
Isaiah Davis,2024,,,,,,3.6,,,,,,,,,,,,,,,,,,,,,,,,,3.6,3.6
Isaiah Davis,2025,,,,,,60.1,,,,,,,,,,,,,,,,,,,,,,,,,17.9,0.0
Isaiah Hodgins,2022,,,,,,86.0,,,,,,,,,,,,,,,,,,,,,,,,,22.9,3.9
Isaiah Hodgins,2023,,,,,,24.7,,,,,,,,,,,,,,,,,,,,,,,,,14.0,0.0
Isaiah Likely,2022,,,,,,50.7,,,,,,,,,,,,,,,,,,,,,,,,,10.2,0.0
Isaiah Likely,2023,,,,,,78.3,,,,,,,,,,,,,,,,,,,,,,,,,19.3,0.0
Isaiah Likely,2024,,,,,,116.9,,,,,,,,,,,,,,,,,,,,,,,,,26.1,0.0
Isaiah Likely,2025,,,,,,49.8,,,,,,,,,,,,,,,,,,,,,,,,,12.5,0.0
Isaiah McKenzie,2022,,,,,,15.7,,,,,,,,,,,,,,,,,,,,,,,,,9.9,5.8
Isaiah Spiller,2022,,,,,,8.399999999999999,,,,,,,,,,,,,,,,,,,,,,,,,4.2,-0.5
Isaiah Spiller,2023,,,,,,9.1,,,,,,,,,,,,,,,,,,,,,,,,,4.7,1.5
Isiah Pacheco,2022,,,,,,120.6,,,,,,,,,,,,,,,,,,,,,,,,,16.2,-0.1
Isiah Pacheco,2023,,,,,,213.9,,,,,,,,,,,,,,,,,,,,,,,,,29.5,0.0
Isiah Pacheco,2024,,,,,,56.900000000000006,,,,,,,,,,,,,,,,,,,,,,,,,16.1,0.0
Isiah Pacheco,2025,,,,,,84.1,,,,,,,,,,,,,,,,,,,,,,,,,13.5,0.0
Israel Abanikanda,2023,,,,,,0.0,,,,,,,,,,,,,,,,,,,,,,,,,0.0,0.0
Israel Abanikanda,2024,,,,,,0.0,,,,,,,,,,,,,,,,,,,,,,,,,0.0,0.0
J.D. McKissic,2021,,,,,,57.400000000000006,,,,,,,,,,,,,,,,,,,,,,,,,22.6,0.0
J.J. McCarthy,2024,,,,,,0.0,,,,,,,,,,,,,,,,,,,,,,,,,0.0,0.0
J.J. McCarthy,2025,,,,,,113.4,,,,,,,,,,,,,,,,,,,,,,,,,23.5,-0.52
J.K. Dobbins,2021,,,,,,0.0,,,,,,,,,,,,,,,,,,,,,,,,,0.0,0.0
J.K. Dobbins,2022,,,,,,81.2,,,,,,,,,,,,,,,,,,,,,,,,,22.3,0.0
J.K. Dobbins,2023,,,,,,11.7,,,,,,,,,,,,,,,,,,,,,,,,,11.7,0.0
J.K. Dobbins,2024,,,,,,181.29999999999998,,,,,,,,,,,,,,,,,,,,,,,,,24.5,0.0
J.K. Dobbins,2025,,,,,,115.9,,,,,,,,,,,,,,,,,,,,,,,,,15.5,0.0
Ja'Lynn Polk,2024,,,,,,32.699999999999996,,,,,,,,,,,,,,,,,,,,,,,,,9.2,0.0
Ja'Marr Chase,2021,,,,,,299.0,,,,,,,,,,,,,,,,,,,,,,,,,55.6,0.0
Ja'Marr Chase,2022,,,,,,219.8,,,,,,,,,,,,,,,,,,,,,,,,,33.0,0.0
Ja'Marr Chase,2023,,,,,,255.82,,,,,,,,,,,,,,,,,,,,,,,,,52.2,0.0
Ja'Marr Chase,2024,,,,,,377.4,,,,,,,,,,,,,,,,,,,,,,,,,55.4,0.0
Ja'Marr Chase,2025,,,,,,265.0,,,,,,,,,,,,,,,,,,,,,,,,,38.1,0.0
Ja'Tavion Sanders,2024,,,,,,65.7,,,,,,,,,,,,,,,,,,,,,,,,,12.7,0.0
Ja'Tavion Sanders,2025,,,,,,54.0,,,,,,,,,,,,,,,,,,,,,,,,,12.4,0.0
JaMycal Hasty,2021,,,,,,9.9,,,,,,,,,,,,,,,,,,,,,,,,,9.9,9.9
Jack Bech,2025,,,,,,42.4,,,,,,,,,,,,,,,,,,,,,,,,,11.0,0.0
Jacob Cowing,2024,,,,,,-2.0,,,,,,,,,,,,,,,,,,,,,,,,,0.0,-2.0
Jacoby Brissett,2022,,,,,,20.32,,,,,,,,,,,,,,,,,,,,,,,,,20.32,20.32
Jacoby Brissett,2023,,,,,,0.0,,,,,,,,,,,,,,,,,,,,,,,,,0.0,0.0
Jacoby Brissett,2025,,,,,,129.84,,,,,,,,,,,,,,,,,,,,,,,,,21.88,0.0
Jacory Croskey-Merritt,2025,,,,,,113.9,,,,,,,,,,,,,,,,,,,,,,,,,27.0,0.0
Jahan Dotson,2022,,,,,,120.4,,,,,,,,,,,,,,,,,,,,,,,,,20.5,0.0
Jahan Dotson,2023,,,,,,121.1,,,,,,,,,,,,,,,,,,,,,,,,,24.8,0.0
Jahan Dotson,2024,,,,,,25.5,,,,,,,,,,,,,,,,,,,,,,,,,4.6,0.0
Jahmyr Gibbs,2023,,,,,,232.1,,,,,,,,,,,,,,,,,,,,,,,,,29.9,0.0
Jahmyr Gibbs,2024,,,,,,316.9,,,,,,,,,,,,,,,,,,,,,,,,,32.0,0.0
Jahmyr Gibbs,2025,,,,,,339.2,,,,,,,,,,,,,,,,,,,,,,,,,55.4,0.0
Jake Bobo,2023,,,,,,23.8,,,,,,,,,,,,,,,,,,,,,,,,,10.6,0.0
Jake Browning,2023,,,,,,113.78,,,,,,,,,,,,,,,,,,,,,,,,,26.66,10.98
Jake Browning,2024,,,,,,0.0,,,,,,,,,,,,,,,,,,,,,,,,,0.0,0.0
Jake Browning,2025,,,,,,29.44,,,,,,,,,,,,,,,,,,,,,,,,,18.14,5.4
Jake Ferguson,2023,,,,,,164.2,,,,,,,,,,,,,,,,,,,,,,,,,22.1,0.0
Jake Ferguson,2024,,,,,,99.2,,,,,,,,,,,,,,,,,,,,,,,,,15.5,0.0
Jake Ferguson,2025,,,,,,178.0,,,,,,,,,,,,,,,,,,,,,,,,,23.9,0.0
Jake Fromm,2021,,,,,,-0.8,,,,,,,,,,,,,,,,,,,,,,,,,-0.8,-0.8
Jake Tonges,2025,,,,,,30.2,,,,,,,,,,,,,,,,,,,,,,,,,11.8,0.0
Jakobi Meyers,2021,,,,,,177.3,,,,,,,,,,,,,,,,,,,,,,,,,21.3,0.0
Jakobi Meyers,2022,,,,,,139.4,,,,,,,,,,,,,,,,,,,,,,,,,24.1,0.0
Jakobi Meyers,2023,,,,,,196.98000000000002,,,,,,,,,,,,,,,,,,,,,,,,,29.1,0.0
Jakobi Meyers,2024,,,,,,190.7,,,,,,,,,,,,,,,,,,,,,,,,,22.1,0.0
Jakobi Meyers,2025,,,,,,158.5,,,,,,,,,,,,,,,,,,,,,,,,,21.3,0.0
Jaleel McLaughlin,2023,,,,,,54.9,,,,,,,,,,,,,,,,,,,,,,,,,17.9,0.0
Jaleel McLaughlin,2024,,,,,,90.4,,,,,,,,,,,,,,,,,,,,,,,,,12.6,0.0
Jalen Coker,2024,,,,,,44.0,,,,,,,,,,,,,,,,,,,,,,,,,21.0,0.0
Jalen Coker,2025,,,,,,70.1,,,,,,,,,,,,,,,,,,,,,,,,,17.4,0.0
Jalen Hurts,2021,,,,,,305.16,,,,,,,,,,,,,,,,,,,,,,,,,30.78,0.0
Jalen Hurts,2022,,,,,,362.58,,,,,,,,,,,,,,,,,,,,,,,,,34.7,0.0
Jalen Hurts,2023,,,,,,352.22,,,,,,,,,,,,,,,,,,,,,,,,,34.5,0.0
Jalen Hurts,2024,,,,,,311.12,,,,,,,,,,,,,,,,,,,,,,,,,35.14,0.0
Jalen Hurts,2025,,,,,,286.06,,,,,,,,,,,,,,,,,,,,,,,,,30.86,0.0
Jalen McMillan,2024,,,,,,116.39999999999999,,,,,,,,,,,,,,,,,,,,,,,,,23.0,0.0
Jalen McMillan,2025,,,,,,9.4,,,,,,,,,,,,,,,,,,,,,,,,,5.8,0.0
Jalen Milroe,2025,,,,,,-1.6,,,,,,,,,,,,,,,,,,,,,,,,,0.3,-2.0
Jalen Nailor,2024,,,,,,37.4,,,,,,,,,,,,,,,,,,,,,,,,,12.4,0.0
Jalen Reagor,2021,,,,,,71.2,,,,,,,,,,,,,,,,,,,,,,,,,16.9,-0.3
Jalen Royals,2025,,,,,,0.0,,,,,,,,,,,,,,,,,,,,,,,,,0.0,0.0
Jalen Tolbert,2022,,,,,,3.2,,,,,,,,,,,,,,,,,,,,,,,,,1.8,0.0
Jalen Tolbert,2024,,,,,,108.6,,,,,,,,,,,,,,,,,,,,,,,,,21.7,0.0
Jalen Tolbert,2025,,,,,,39.2,,,,,,,,,,,,,,,,,,,,,,,,,12.7,0.0
Jalin Hyatt,2023,,,,,,57.8,,,,,,,,,,,,,,,,,,,,,,,,,15.9,0.0
Jalin Hyatt,2024,,,,,,0.0,,,,,,,,,,,,,,,,,,,,,,,,,0.0,0.0
Jalin Hyatt,2025,,,,,,3.8,,,,,,,,,,,,,,,,,,,,,,,,,3.8,0.0
Jamaal Williams,2021,,,,,,112.6,,,,,,,,,,,,,,,,,,,,,,,,,25.0,0.0
Jamaal Williams,2022,,,,,,205.7,,,,,,,,,,,,,,,,,,,,,,,,,24.7,0.0
Jamaal Williams,2023,,,,,,12.1,,,,,,,,,,,,,,,,,,,,,,,,,6.2,0.0
Jamaal Williams,2024,,,,,,0.9,,,,,,,,,,,,,,,,,,,,,,,,,0.9,0.9
Jameis Winston,2021,,,,,,116.4,,,,,,,,,,,,,,,,,,,,,,,,,29.62,0.0
Jameis Winston,2022,,,,,,40.92,,,,,,,,,,,,,,,,,,,,,,,,,21.66,0.0
Jameis Winston,2024,,,,,,118.61999999999999,,,,,,,,,,,,,,,,,,,,,,,,,32.98,-1.36
Jameis Winston,2025,,,,,,0.0,,,,,,,,,,,,,,,,,,,,,,,,,0.0,0.0
James Conner,2021,,,,,,228.4,,,,,,,,,,,,,,,,,,,,,,,,,39.3,0.0
James Conner,2022,,,,,,198.2,,,,,,,,,,,,,,,,,,,,,,,,,25.0,0.0
James Conner,2023,,,,,,171.1,,,,,,,,,,,,,,,,,,,,,,,,,26.3,0.0
James Conner,2024,,,,,,250.8,,,,,,,,,,,,,,,,,,,,,,,,,30.8,0.0
James Conner,2025,,,,,,32.3,,,,,,,,,,,,,,,,,,,,,,,,,14.4,0.0
James Cook,2022,,,,,,100.4,,,,,,,,,,,,,,,,,,,,,,,,,17.8,-1.8
James Cook,2023,,,,,,222.5,,,,,,,,,,,,,,,,,,,,,,,,,36.1,0.0
James Cook,2024,,,,,,256.9,,,,,,,,,,,,,,,,,,,,,,,,,28.5,0.0
James Cook,2025,,,,,,289.0,,,,,,,,,,,,,,,,,,,,,,,,,33.6,0.0
James Mitchell,2022,,,,,,13.4,,,,,,,,,,,,,,,,,,,,,,,,,8.8,0.0
James Robinson,2021,,,,,,171.9,,,,,,,,,,,,,,,,,,,,,,,,,24.4,0.0
James Robinson,2022,,,,,,87.6,,,,,,,,,,,,,,,,,,,,,,,,,20.6,0.0
James Robinson,2023,,,,,,0.0,,,,,,,,,,,,,,,,,,,,,,,,,0.0,0.0
James White,2021,,,,,,0.6,,,,,,,,,,,,,,,,,,,,,,,,,0.6,0.0
Jameson Williams,2022,,,,,,15.1,,,,,,,,,,,,,,,,,,,,,,,,,11.1,0.0
Jameson Williams,2023,,,,,,79.3,,,,,,,,,,,,,,,,,,,,,,,,,13.3,0.0
Jameson Williams,2024,,,,,,202.8,,,,,,,,,,,,,,,,,,,,,,,,,26.0,0.0
Jameson Williams,2025,,,,,,200.8,,,,,,,,,,,,,,,,,,,,,,,,,26.9,0.0
Jamison Crowder,2021,,,,,,8.4,,,,,,,,,,,,,,,,,,,,,,,,,8.4,0.0
Jared Cook,2021,,,,,,14.100000000000001,,,,,,,,,,,,,,,,,,,,,,,,,9.4,4.7
Jared Goff,2021,,,,,,7.88,,,,,,,,,,,,,,,,,,,,,,,,,7.88,7.88
Jared Goff,2022,,,,,,272.86,,,,,,,,,,,,,,,,,,,,,,,,,33.22,0.0
Jared Goff,2023,,,,,,266.3,,,,,,,,,,,,,,,,,,,,,,,,,31.12,0.0
Jared Goff,2024,,,,,,309.22,,,,,,,,,,,,,,,,,,,,,,,,,40.06,0.0
Jared Goff,2025,,,,,,278.74,,,,,,,,,,,,,,,,,,,,,,,,,33.96,0.0
Jared Wiley,2024,,,,,,1.7,,,,,,,,,,,,,,,,,,,,,,,,,1.7,0.0
Jaren Hall,2023,,,,,,3.3,,,,,,,,,,,,,,,,,,,,,,,,,4.22,-0.92
Jaret Patterson,2021,,,,,,49.4,,,,,,,,,,,,,,,,,,,,,,,,,20.8,0.0
Jarquez Hunter,2025,,,,,,0.0,,,,,,,,,,,,,,,,,,,,,,,,,0.0,0.0
Jarvis Landry,2021,,,,,,112.5,,,,,,,,,,,,,,,,,,,,,,,,,19.4,0.0
Jarvis Landry,2022,,,,,,33.8,,,,,,,,,,,,,,,,,,,,,,,,,18.4,0.0
Jauan Jennings,2023,,,,,,10.4,,,,,,,,,,,,,,,,,,,,,,,,,10.4,10.4
Jauan Jennings,2024,,,,,,197.3,,,,,,,,,,,,,,,,,,,,,,,,,46.5,0.0
Jauan Jennings,2025,,,,,,153.6,,,,,,,,,,,,,,,,,,,,,,,,,19.9,0.0
Javon Baker,2024,,,,,,0.0,,,,,,,,,,,,,,,,,,,,,,,,,0.0,0.0
Javonte Williams,2021,,,,,,195.5,,,,,,,,,,,,,,,,,,,,,,,,,28.8,0.0
Javonte Williams,2022,,,,,,42.0,,,,,,,,,,,,,,,,,,,,,,,,,19.8,0.0
Javonte Williams,2023,,,,,,158.7,,,,,,,,,,,,,,,,,,,,,,,,,21.0,0.0
Javonte Williams,2024,,,,,,147.1,,,,,,,,,,,,,,,,,,,,,,,,,26.1,0.0
Javonte Williams,2025,,,,,,231.4,,,,,,,,,,,,,,,,,,,,,,,,,26.9,0.0
Jaxon Smith-Njigba,2023,,,,,,145.4,,,,,,,,,,,,,,,,,,,,,,,,,16.3,0.0
Jaxon Smith-Njigba,2024,,,,,,246.70000000000002,,,,,,,,,,,,,,,,,,,,,,,,,37.0,0.0
Jaxon Smith-Njigba,2025,,,,,,327.3,,,,,,,,,,,,,,,,,,,,,,,,,37.1,0.0
Jaxson Dart,2025,,,,,,194.1,,,,,,,,,,,,,,,,,,,,,,,,,28.42,-0.3
Jayden Daniels,2024,,,,,,346.6,,,,,,,,,,,,,,,,,,,,,,,,,34.42,0.0
Jayden Daniels,2025,,,,,,113.28,,,,,,,,,,,,,,,,,,,,,,,,,20.64,0.0
Jayden Higgins,2025,,,,,,102.4,,,,,,,,,,,,,,,,,,,,,,,,,15.2,0.0
Jayden Reed,2023,,,,,,200.0,,,,,,,,,,,,,,,,,,,,,,,,,26.9,0.0
Jayden Reed,2024,,,,,,189.9,,,,,,,,,,,,,,,,,,,,,,,,,33.1,0.0
Jayden Reed,2025,,,,,,40.4,,,,,,,,,,,,,,,,,,,,,,,,,13.5,0.0
Jaydon Blue,2025,,,,,,7.0,,,,,,,,,,,,,,,,,,,,,,,,,4.4,0.0
Jaylen Waddle,2021,,,,,,231.1,,,,,,,,,,,,,,,,,,,,,,,,,29.0,0.0
Jaylen Waddle,2022,,,,,,248.9,,,,,,,,,,,,,,,,,,,,,,,,,40.1,0.0
Jaylen Waddle,2023,,,,,,198.6,,,,,,,,,,,,,,,,,,,,,,,,,28.2,0.0
Jaylen Waddle,2024,,,,,,140.6,,,,,,,,,,,,,,,,,,,,,,,,,28.4,0.0
Jaylen Waddle,2025,,,,,,192.42,,,,,,,,,,,,,,,,,,,,,,,,,23.0,0.0
Jaylen Warren,2022,,,,,,67.5,,,,,,,,,,,,,,,,,,,,,,,,,12.8,0.0
Jaylen Warren,2023,,,,,,187.4,,,,,,,,,,,,,,,,,,,,,,,,,23.5,0.0
Jaylen Warren,2024,,,,,,121.0,,,,,,,,,,,,,,,,,,,,,,,,,16.2,0.0
Jaylen Warren,2025,,,,,,195.8,,,,,,,,,,,,,,,,,,,,,,,,,29.1,0.0
Jaylen Wright,2024,,,,,,27.1,,,,,,,,,,,,,,,,,,,,,,,,,8.6,0.0
Jaylen Wright,2025,,,,,,38.6,,,,,,,,,,,,,,,,,,,,,,,,,16.7,0.0
Jaylin Lane,2025,,,,,,25.3,,,,,,,,,,,,,,,,,,,,,,,,,6.0,0.0
Jaylin Noel,2025,,,,,,51.5,,,,,,,,,,,,,,,,,,,,,,,,,11.7,-0.3
Jeff Wilson,2021,,,,,,20.5,,,,,,,,,,,,,,,,,,,,,,,,,14.7,0.0
Jeff Wilson,2022,,,,,,132.2,,,,,,,,,,,,,,,,,,,,,,,,,22.3,0.0
Jeff Wilson,2023,,,,,,7.1,,,,,,,,,,,,,,,,,,,,,,,,,5.7,0.0
Jeff Wilson,2024,,,,,,3.2,,,,,,,,,,,,,,,,,,,,,,,,,3.2,3.2
Jeremy McNichols,2021,,,,,,6.5,,,,,,,,,,,,,,,,,,,,,,,,,6.5,6.5
Jerick McKinnon,2022,,,,,,102.0,,,,,,,,,,,,,,,,,,,,,,,,,34.2,12.8
Jerick McKinnon,2023,,,,,,58.06,,,,,,,,,,,,,,,,,,,,,,,,,17.8,0.0
Jermaine Burton,2024,,,,,,14.7,,,,,,,,,,,,,,,,,,,,,,,,,5.7,0.0
Jerome Ford,2023,,,,,,206.0,,,,,,,,,,,,,,,,,,,,,,,,,26.1,0.0
Jerome Ford,2024,,,,,,134.0,,,,,,,,,,,,,,,,,,,,,,,,,24.1,0.0
Jerome Ford,2025,,,,,,18.2,,,,,,,,,,,,,,,,,,,,,,,,,10.4,1.3
Jerry Jeudy,2021,,,,,,79.0,,,,,,,,,,,,,,,,,,,,,,,,,13.2,0.0
Jerry Jeudy,2022,,,,,,179.9,,,,,,,,,,,,,,,,,,,,,,,,,33.3,0.0
Jerry Jeudy,2023,,,,,,124.9,,,,,,,,,,,,,,,,,,,,,,,,,13.1,0.0
Jerry Jeudy,2024,,,,,,228.6,,,,,,,,,,,,,,,,,,,,,,,,,40.5,0.0
Jerry Jeudy,2025,,,,,,106.10000000000001,,,,,,,,,,,,,,,,,,,,,,,,,19.8,0.0
Jimmy Garoppolo,2021,,,,,,61.56,,,,,,,,,,,,,,,,,,,,,,,,,19.34,11.2
Jimmy Garoppolo,2022,,,,,,147.12,,,,,,,,,,,,,,,,,,,,,,,,,25.42,0.0
Jimmy Garoppolo,2023,,,,,,63.1,,,,,,,,,,,,,,,,,,,,,,,,,17.66,0.0
Jimmy Horn,2025,,,,,,0.0,,,,,,,,,,,,,,,,,,,,,,,,,0.0,0.0
Joe Burrow,2021,,,,,,311.24,,,,,,,,,,,,,,,,,,,,,,,,,38.1,0.0
Joe Burrow,2022,,,,,,342.38,,,,,,,,,,,,,,,,,,,,,,,,,39.24,0.0
Joe Burrow,2023,,,,,,146.16,,,,,,,,,,,,,,,,,,,,,,,,,27.62,0.0
Joe Burrow,2024,,,,,,354.84,,,,,,,,,,,,,,,,,,,,,,,,,36.98,0.0
Joe Burrow,2025,,,,,,92.92,,,,,,,,,,,,,,,,,,,,,,,,,28.96,0.0
Joe Flacco,2023,,,,,,97.84,,,,,,,,,,,,,,,,,,,,,,,,,24.82,15.86
Joe Flacco,2024,,,,,,54.16,,,,,,,,,,,,,,,,,,,,,,,,,26.56,0.0
Joe Flacco,2025,,,,,,119.24,,,,,,,,,,,,,,,,,,,,,,,,,30.7,0.0
Joe Mixon,2021,,,,,,286.9,,,,,,,,,,,,,,,,,,,,,,,,,32.3,0.0
Joe Mixon,2022,,,,,,222.9,,,,,,,,,,,,,,,,,,,,,,,,,55.1,0.0
Joe Mixon,2023,,,,,,242.3,,,,,,,,,,,,,,,,,,,,,,,,,29.7,0.0
Joe Mixon,2024,,,,,,236.7,,,,,,,,,,,,,,,,,,,,,,,,,35.3,0.0
Joe Mixon,2025,,,,,,0.0,,,,,,,,,,,,,,,,,,,,,,,,,0.0,0.0
John Metchie,2022,,,,,,0.0,,,,,,,,,,,,,,,,,,,,,,,,,0.0,0.0
John Metchie,2023,,,,,,2.7,,,,,,,,,,,,,,,,,,,,,,,,,1.6,0.0
John Metchie,2024,,,,,,3.6,,,,,,,,,,,,,,,,,,,,,,,,,3.6,0.0
John Metchie,2025,,,,,,39.9,,,,,,,,,,,,,,,,,,,,,,,,,18.5,0.0
Johnny Wilson,2024,,,,,,0.0,,,,,,,,,,,,,,,,,,,,,,,,,0.0,0.0
Jonathan Mingo,2023,,,,,,83.8,,,,,,,,,,,,,,,,,,,,,,,,,11.9,0.0
Jonathan Mingo,2024,,,,,,27.8,,,,,,,,,,,,,,,,,,,,,,,,,5.7,0.0
Jonathan Taylor,2021,,,,,,358.6,,,,,,,,,,,,,,,,,,,,,,,,,53.4,0.0
Jonathan Taylor,2022,,,,,,146.4,,,,,,,,,,,,,,,,,,,,,,,,,27.5,0.0
Jonathan Taylor,2023,,,,,,127.8,,,,,,,,,,,,,,,,,,,,,,,,,21.1,0.0
Jonathan Taylor,2024,,,,,,217.7,,,,,,,,,,,,,,,,,,,,,,,,,39.8,0.0
Jonathan Taylor,2025,,,,,,338.0,,,,,,,,,,,,,,,,,,,,,,,,,48.6,0.0
Jonathon Brooks,2024,,,,,,7.5,,,,,,,,,,,,,,,,,,,,,,,,,7.1,-0.3
Jonathon Brooks,2025,,,,,,0.0,,,,,,,,,,,,,,,,,,,,,,,,,0.0,0.0
Jonnu Smith,2021,,,,,,65.9,,,,,,,,,,,,,,,,,,,,,,,,,10.4,0.0
Jonnu Smith,2023,,,,,,54.4,,,,,,,,,,,,,,,,,,,,,,,,,21.0,0.0
Jonnu Smith,2024,,,,,,140.4,,,,,,,,,,,,,,,,,,,,,,,,,28.1,3.8
Jonnu Smith,2025,,,,,,26.1,,,,,,,,,,,,,,,,,,,,,,,,,12.5,0.0
Jordan Addison,2023,,,,,,205.6,,,,,,,,,,,,,,,,,,,,,,,,,31.3,0.0
Jordan Addison,2024,,,,,,211.5,,,,,,,,,,,,,,,,,,,,,,,,,39.3,0.0
Jordan Addison,2025,,,,,,120.8,,,,,,,,,,,,,,,,,,,,,,,,,21.8,0.0
Jordan James,2025,,,,,,0.0,,,,,,,,,,,,,,,,,,,,,,,,,0.0,0.0
Jordan Love,2021,,,,,,12.88,,,,,,,,,,,,,,,,,,,,,,,,,10.9,-0.3
Jordan Love,2022,,,,,,11.7,,,,,,,,,,,,,,,,,,,,,,,,,8.52,0.0
Jordan Love,2023,,,,,,294.52,,,,,,,,,,,,,,,,,,,,,,,,,28.44,0.0
Jordan Love,2024,,,,,,227.1,,,,,,,,,,,,,,,,,,,,,,,,,28.16,0.0
Jordan Love,2025,,,,,,230.14000000000001,,,,,,,,,,,,,,,,,,,,,,,,,28.3,0.0
Jordan Mason,2022,,,,,,0.0,,,,,,,,,,,,,,,,,,,,,,,,,0.0,0.0
Jordan Mason,2024,,,,,,113.0,,,,,,,,,,,,,,,,,,,,,,,,,24.0,0.0
Jordan Mason,2025,,,,,,117.5,,,,,,,,,,,,,,,,,,,,,,,,,23.6,0.0
Jordan Travis,2024,,,,,,0.0,,,,,,,,,,,,,,,,,,,,,,,,,0.0,0.0
Jordan Whittington,2024,,,,,,39.7,,,,,,,,,,,,,,,,,,,,,,,,,15.9,0.0
Jordan Whittington,2025,,,,,,0.5,,,,,,,,,,,,,,,,,,,,,,,,,0.5,0.5
Josh Allen,2021,,,,,,373.71999999999997,,,,,,,,,,,,,,,,,,,,,,,,,37.22,0.0
Josh Allen,2022,,,,,,368.48,,,,,,,,,,,,,,,,,,,,,,,,,35.16,0.0
Josh Allen,2023,,,,,,366.58,,,,,,,,,,,,,,,,,,,,,,,,,39.66,0.0
Josh Allen,2024,,,,,,376.04,,,,,,,,,,,,,,,,,,,,,,,,,51.88,0.0
Josh Allen,2025,,,,,,338.44,,,,,,,,,,,,,,,,,,,,,,,,,42.68,0.0
Josh Doctson,2021,,,,,,0.0,,,,,,,,,,,,,,,,,,,,,,,,,0.0,0.0
Josh Doctson,2022,,,,,,0.0,,,,,,,,,,,,,,,,,,,,,,,,,0.0,0.0
Josh Doctson,2023,,,,,,0.0,,,,,,,,,,,,,,,,,,,,,,,,,0.0,0.0
Josh Downs,2023,,,,,,149.3,,,,,,,,,,,,,,,,,,,,,,,,,23.5,0.0
Josh Downs,2024,,,,,,164.1,,,,,,,,,,,,,,,,,,,,,,,,,22.2,0.0
Josh Downs,2025,,,,,,121.4,,,,,,,,,,,,,,,,,,,,,,,,,16.2,0.0
Josh Gordon,2021,,,,,,3.8,,,,,,,,,,,,,,,,,,,,,,,,,2.1,0.0
Josh Jacobs,2021,,,,,,203.6,,,,,,,,,,,,,,,,,,,,,,,,,24.0,0.0
Josh Jacobs,2022,,,,,,319.3,,,,,,,,,,,,,,,,,,,,,,,,,48.3,0.0
Josh Jacobs,2023,,,,,,179.1,,,,,,,,,,,,,,,,,,,,,,,,,27.9,0.0
Josh Jacobs,2024,,,,,,280.5,,,,,,,,,,,,,,,,,,,,,,,,,28.6,0.0
Josh Jacobs,2025,,,,,,234.79999999999998,,,,,,,,,,,,,,,,,,,,,,,,,32.0,0.0
Josh Reynolds,2022,,,,,,41.5,,,,,,,,,,,,,,,,,,,,,,,,,21.1,0.0
Josh Reynolds,2023,,,,,,49.5,,,,,,,,,,,,,,,,,,,,,,,,,17.6,0.0
Joshua Dobbs,2023,,,,,,104.22,,,,,,,,,,,,,,,,,,,,,,,,,25.12,-0.02
Joshua Kelley,2023,,,,,,46.5,,,,,,,,,,,,,,,,,,,,,,,,,13.5,0.0
Joshua Palmer,2021,,,,,,53.0,,,,,,,,,,,,,,,,,,,,,,,,,17.6,0.0
Joshua Palmer,2022,,,,,,158.4,,,,,,,,,,,,,,,,,,,,,,,,,30.6,0.0
Joshua Palmer,2023,,,,,,95.7,,,,,,,,,,,,,,,,,,,,,,,,,21.3,0.0
Joshua Palmer,2024,,,,,,107.4,,,,,,,,,,,,,,,,,,,,,,,,,14.3,0.0
Joshua Palmer,2025,,,,,,12.7,,,,,,,,,,,,,,,,,,,,,,,,,6.7,1.5
JuJu Smith-Schuster,2021,,,,,,34.8,,,,,,,,,,,,,,,,,,,,,,,,,16.4,0.0
JuJu Smith-Schuster,2022,,,,,,178.79999999999998,,,,,,,,,,,,,,,,,,,,,,,,,25.4,0.0
JuJu Smith-Schuster,2023,,,,,,61.0,,,,,,,,,,,,,,,,,,,,,,,,,13.0,0.0
JuJu Smith-Schuster,2024,,,,,,6.8999999999999995,,,,,,,,,,,,,,,,,,,,,,,,,5.1,0.0
Julio Jones,2021,,,,,,63.6,,,,,,,,,,,,,,,,,,,,,,,,,18.8,0.0
Julio Jones,2022,,,,,,42.5,,,,,,,,,,,,,,,,,,,,,,,,,14.3,0.0
Justice Hill,2022,,,,,,11.1,,,,,,,,,,,,,,,,,,,,,,,,,7.7,0.6
Justice Hill,2023,,,,,,59.0,,,,,,,,,,,,,,,,,,,,,,,,,22.2,0.0
Justice Hill,2024,,,,,,115.60000000000001,,,,,,,,,,,,,,,,,,,,,,,,,21.6,0.0
Justice Hill,2025,,,,,,11.799999999999999,,,,,,,,,,,,,,,,,,,,,,,,,9.4,0.0
Justin Fields,2021,,,,,,119.8,,,,,,,,,,,,,,,,,,,,,,,,,23.3,0.0
Justin Fields,2022,,,,,,281.98,,,,,,,,,,,,,,,,,,,,,,,,,42.72,0.0
Justin Fields,2023,,,,,,215.56,,,,,,,,,,,,,,,,,,,,,,,,,32.98,0.0
Justin Fields,2024,,,,,,114.14,,,,,,,,,,,,,,,,,,,,,,,,,30.98,0.0
Justin Fields,2025,,,,,,141.66,,,,,,,,,,,,,,,,,,,,,,,,,29.52,0.0
Justin Herbert,2021,,,,,,353.34000000000003,,,,,,,,,,,,,,,,,,,,,,,,,42.82,0.0
Justin Herbert,2022,,,,,,258.44,,,,,,,,,,,,,,,,,,,,,,,,,28.76,0.0
Justin Herbert,2023,,,,,,231.16,,,,,,,,,,,,,,,,,,,,,,,,,28.42,0.0
Justin Herbert,2024,,,,,,253.36,,,,,,,,,,,,,,,,,,,,,,,,,24.44,0.0
Justin Herbert,2025,,,,,,268.74,,,,,,,,,,,,,,,,,,,,,,,,,29.2,0.0
Justin Jackson,2021,,,,,,43.300000000000004,,,,,,,,,,,,,,,,,,,,,,,,,34.2,9.1
Justin Jefferson,2021,,,,,,308.3,,,,,,,,,,,,,,,,,,,,,,,,,37.2,0.0
Justin Jefferson,2022,,,,,,360.86,,,,,,,,,,,,,,,,,,,,,,,,,39.4,0.0
Justin Jefferson,2023,,,,,,166.2,,,,,,,,,,,,,,,,,,,,,,,,,27.9,0.0
Justin Jefferson,2024,,,,,,308.08,,,,,,,,,,,,,,,,,,,,,,,,,36.4,0.0
Justin Jefferson,2025,,,,,,176.1,,,,,,,,,,,,,,,,,,,,,,,,,22.6,0.0
Justin Watson,2023,,,,,,7.3,,,,,,,,,,,,,,,,,,,,,,,,,7.3,0.0
Justin Watson,2024,,,,,,0.0,,,,,,,,,,,,,,,,,,,,,,,,,0.0,0.0
Juwan Johnson,2021,,,,,,3.3,,,,,,,,,,,,,,,,,,,,,,,,,3.3,0.0
Juwan Johnson,2022,,,,,,49.5,,,,,,,,,,,,,,,,,,,,,,,,,22.7,0.0
Juwan Johnson,2023,,,,,,14.6,,,,,,,,,,,,,,,,,,,,,,,,,6.6,0.0
Juwan Johnson,2025,,,,,,120.5,,,,,,,,,,,,,,,,,,,,,,,,,19.2,0.0
K.J. Osborn,2023,,,,,,116.1,,,,,,,,,,,,,,,,,,,,,,,,,20.5,0.0
K.J. Osborn,2024,,,,,,18.7,,,,,,,,,,,,,,,,,,,,,,,,,10.6,0.0
KJ Hamler,2022,,,,,,0.0,,,,,,,,,,,,,,,,,,,,,,,,,0.0,0.0
KaVontae Turpin,2024,,,,,,4.1,,,,,,,,,,,,,,,,,,,,,,,,,4.1,4.1
KaVontae Turpin,2025,,,,,,6.4,,,,,,,,,,,,,,,,,,,,,,,,,6.4,6.4
Kadarius Toney,2021,,,,,,82.36,,,,,,,,,,,,,,,,,,,,,,,,,29.6,0.0
Kadarius Toney,2022,,,,,,44.9,,,,,,,,,,,,,,,,,,,,,,,,,19.0,0.0
Kadarius Toney,2023,,,,,,34.4,,,,,,,,,,,,,,,,,,,,,,,,,9.4,0.9
Kaleb Johnson,2025,,,,,,7.800000000000001,,,,,,,,,,,,,,,,,,,,,,,,,2.3,-1.2
Kalel Mullings,2025,,,,,,0.3,,,,,,,,,,,,,,,,,,,,,,,,,0.3,0.0
Kalif Raymond,2023,,,,,,4.2,,,,,,,,,,,,,,,,,,,,,,,,,4.2,4.2
Kareem Hunt,2021,,,,,,110.0,,,,,,,,,,,,,,,,,,,,,,,,,27.5,0.0
Kareem Hunt,2022,,,,,,120.0,,,,,,,,,,,,,,,,,,,,,,,,,23.0,0.0
Kareem Hunt,2023,,,,,,117.0,,,,,,,,,,,,,,,,,,,,,,,,,16.1,0.0
Kareem Hunt,2024,,,,,,155.4,,,,,,,,,,,,,,,,,,,,,,,,,22.3,0.0
Kareem Hunt,2025,,,,,,74.9,,,,,,,,,,,,,,,,,,,,,,,,,20.0,0.0
Kayshon Boutte,2024,,,,,,49.2,,,,,,,,,,,,,,,,,,,,,,,,,20.5,0.0
Kayshon Boutte,2025,,,,,,69.8,,,,,,,,,,,,,,,,,,,,,,,,,16.5,0.0
KeAndre Lambert-Smith,2025,,,,,,1.1,,,,,,,,,,,,,,,,,,,,,,,,,1.1,0.0
Keaontay Ingram,2022,,,,,,0.6,,,,,,,,,,,,,,,,,,,,,,,,,0.5,0.0
Keaontay Ingram,2023,,,,,,7.8999999999999995,,,,,,,,,,,,,,,,,,,,,,,,,7.1,0.0
Keaton Mitchell,2023,,,,,,47.6,,,,,,,,,,,,,,,,,,,,,,,,,13.6,0.0
Keaton Mitchell,2024,,,,,,5.8,,,,,,,,,,,,,,,,,,,,,,,,,5.8,0.0
Keaton Mitchell,2025,,,,,,48.4,,,,,,,,,,,,,,,,,,,,,,,,,11.1,0.0
Keenan Allen,2021,,,,,,245.6,,,,,,,,,,,,,,,,,,,,,,,,,22.4,0.0
Keenan Allen,2022,,,,,,133.8,,,,,,,,,,,,,,,,,,,,,,,,,21.4,0.0
Keenan Allen,2023,,,,,,277.86,,,,,,,,,,,,,,,,,,,,,,,,,44.46,0.0
Keenan Allen,2024,,,,,,179.9,,,,,,,,,,,,,,,,,,,,,,,,,29.1,0.0
Keenan Allen,2025,,,,,,167.4,,,,,,,,,,,,,,,,,,,,,,,,,28.9,0.0
Kellen Mond,2021,,,,,,0.2,,,,,,,,,,,,,,,,,,,,,,,,,0.2,0.2
Kendre Miller,2023,,,,,,28.4,,,,,,,,,,,,,,,,,,,,,,,,,13.0,0.0
Kendre Miller,2024,,,,,,29.099999999999998,,,,,,,,,,,,,,,,,,,,,,,,,9.2,0.0
Kendre Miller,2025,,,,,,33.3,,,,,,,,,,,,,,,,,,,,,,,,,12.5,0.0
Kendrick Bourne,2021,,,,,,0.3,,,,,,,,,,,,,,,,,,,,,,,,,0.3,0.3
Kendrick Bourne,2023,,,,,,41.4,,,,,,,,,,,,,,,,,,,,,,,,,16.3,5.6
Kendrick Bourne,2025,,,,,,35.4,,,,,,,,,,,,,,,,,,,,,,,,,19.2,3.4
Kenneth Gainwell,2021,,,,,,103.7,,,,,,,,,,,,,,,,,,,,,,,,,20.9,0.0
Kenneth Gainwell,2022,,,,,,82.7,,,,,,,,,,,,,,,,,,,,,,,,,12.8,0.0
Kenneth Gainwell,2023,,,,,,40.78,,,,,,,,,,,,,,,,,,,,,,,,,11.4,0.0
Kenneth Gainwell,2024,,,,,,40.300000000000004,,,,,,,,,,,,,,,,,,,,,,,,,9.0,0.0
Kenneth Gainwell,2025,,,,,,181.2,,,,,,,,,,,,,,,,,,,,,,,,,31.4,0.0
Kenneth Walker,2022,,,,,,189.1,,,,,,,,,,,,,,,,,,,,,,,,,28.7,0.0
Kenneth Walker,2023,,,,,,189.3,,,,,,,,,,,,,,,,,,,,,,,,,30.6,0.0
Kenneth Walker,2024,,,,,,180.2,,,,,,,,,,,,,,,,,,,,,,,,,33.6,0.0
Kenneth Walker,2025,,,,,,166.9,,,,,,,,,,,,,,,,,,,,,,,,,25.4,0.0
Kenny Golladay,2021,,,,,,83.9,,,,,,,,,,,,,,,,,,,,,,,,,17.6,0.0
Kenny Golladay,2022,,,,,,4.2,,,,,,,,,,,,,,,,,,,,,,,,,4.2,0.0
Kenny Pickett,2022,,,,,,133.96,,,,,,,,,,,,,,,,,,,,,,,,,19.06,0.0
Kenny Pickett,2023,,,,,,108.2,,,,,,,,,,,,,,,,,,,,,,,,,18.5,0.0
Kenny Pickett,2024,,,,,,24.14,,,,,,,,,,,,,,,,,,,,,,,,,16.02,-0.2
Kenny Pickett,2025,,,,,,1.26,,,,,,,,,,,,,,,,,,,,,,,,,1.26,1.26
Kenyan Drake,2021,,,,,,101.5,,,,,,,,,,,,,,,,,,,,,,,,,21.3,0.0
Kenyan Drake,2022,,,,,,0.5,,,,,,,,,,,,,,,,,,,,,,,,,0.5,0.5
Keon Coleman,2024,,,,,,105.5,,,,,,,,,,,,,,,,,,,,,,,,,18.0,0.0
Keon Coleman,2025,,,,,,93.5,,,,,,,,,,,,,,,,,,,,,,,,,25.2,0.0
KhaDarel Hodge,2023,,,,,,0.0,,,,,,,,,,,,,,,,,,,,,,,,,0.0,0.0
Khalil Herbert,2021,,,,,,76.1,,,,,,,,,,,,,,,,,,,,,,,,,19.2,-0.7
Khalil Herbert,2022,,,,,,111.89999999999999,,,,,,,,,,,,,,,,,,,,,,,,,30.9,0.0
Khalil Herbert,2023,,,,,,106.4,,,,,,,,,,,,,,,,,,,,,,,,,22.2,0.0
Khalil Herbert,2024,,,,,,10.0,,,,,,,,,,,,,,,,,,,,,,,,,8.7,0.0
Khalil Shakir,2022,,,,,,26.0,,,,,,,,,,,,,,,,,,,,,,,,,16.5,0.0
Khalil Shakir,2023,,,,,,38.4,,,,,,,,,,,,,,,,,,,,,,,,,9.7,0.0
Khalil Shakir,2024,,,,,,181.5,,,,,,,,,,,,,,,,,,,,,,,,,21.6,0.0
Khalil Shakir,2025,,,,,,156.9,,,,,,,,,,,,,,,,,,,,,,,,,20.8,0.0
Kimani Vidal,2024,,,,,,31.7,,,,,,,,,,,,,,,,,,,,,,,,,13.1,0.0
Kimani Vidal,2025,,,,,,112.0,,,,,,,,,,,,,,,,,,,,,,,,,22.8,0.0
Kirk Cousins,2021,,,,,,269.44,,,,,,,,,,,,,,,,,,,,,,,,,27.52,0.0
Kirk Cousins,2022,,,,,,274.58,,,,,,,,,,,,,,,,,,,,,,,,,32.4,0.0
Kirk Cousins,2023,,,,,,146.74,,,,,,,,,,,,,,,,,,,,,,,,,28.56,0.0
Kirk Cousins,2024,,,,,,165.32,,,,,,,,,,,,,,,,,,,,,,,,,34.36,0.0
Kirk Cousins,2025,,,,,,44.4,,,,,,,,,,,,,,,,,,,,,,,,,17.58,0.0
Kyle Monangai,2025,,,,,,133.1,,,,,,,,,,,,,,,,,,,,,,,,,22.8,0.0
Kyle Philips,2022,,,,,,1.2,,,,,,,,,,,,,,,,,,,,,,,,,1.7,-0.5
Kyle Pitts,2021,,,,,,173.8,,,,,,,,,,,,,,,,,,,,,,,,,26.9,0.0
Kyle Pitts,2022,,,,,,75.6,,,,,,,,,,,,,,,,,,,,,,,,,19.0,0.0
Kyle Pitts,2023,,,,,,132.6,,,,,,,,,,,,,,,,,,,,,,,,,15.7,0.0
Kyle Pitts,2024,,,,,,127.7,,,,,,,,,,,,,,,,,,,,,,,,,25.1,0.0
Kyle Pitts,2025,,,,,,195.4,,,,,,,,,,,,,,,,,,,,,,,,,45.6,0.0
Kyle Trask,2021,,,,,,0.0,,,,,,,,,,,,,,,,,,,,,,,,,0.0,0.0
Kyle Williams,2025,,,,,,43.7,,,,,,,,,,,,,,,,,,,,,,,,,14.2,-0.2
Kyler Murray,2021,,,,,,270.38,,,,,,,,,,,,,,,,,,,,,,,,,33.56,0.0
Kyler Murray,2022,,,,,,194.51999999999998,,,,,,,,,,,,,,,,,,,,,,,,,25.88,0.0
Kyler Murray,2023,,,,,,121.58,,,,,,,,,,,,,,,,,,,,,,,,,22.68,0.0
Kyler Murray,2024,,,,,,265.36,,,,,,,,,,,,,,,,,,,,,,,,,28.54,0.0
Kyler Murray,2025,,,,,,77.78,,,,,,,,,,,,,,,,,,,,,,,,,18.32,0.0
Kyren Williams,2022,,,,,,30.5,,,,,,,,,,,,,,,,,,,,,,,,,9.0,0.0
Kyren Williams,2023,,,,,,236.6,,,,,,,,,,,,,,,,,,,,,,,,,38.4,0.0
Kyren Williams,2024,,,,,,270.1,,,,,,,,,,,,,,,,,,,,,,,,,31.6,0.0
Kyren Williams,2025,,,,,,236.2,,,,,,,,,,,,,,,,,,,,,,,,,31.1,0.0
Ladd McConkey,2024,,,,,,222.4,,,,,,,,,,,,,,,,,,,,,,,,,29.4,0.0
Ladd McConkey,2025,,,,,,176.8,,,,,,,,,,,,,,,,,,,,,,,,,23.0,0.0
Lamar Jackson,2021,,,,,,236.98,,,,,,,,,,,,,,,,,,,,,,,,,41.88,0.0
Lamar Jackson,2022,,,,,,233.07999999999998,,,,,,,,,,,,,,,,,,,,,,,,,41.62,0.0
Lamar Jackson,2023,,,,,,326.22,,,,,,,,,,,,,,,,,,,,,,,,,36.34,0.0
Lamar Jackson,2024,,,,,,402.4,,,,,,,,,,,,,,,,,,,,,,,,,36.1,0.0
Lamar Jackson,2025,,,,,,190.44,,,,,,,,,,,,,,,,,,,,,,,,,29.36,0.0
Laquon Treadwell,2021,,,,,,9.4,,,,,,,,,,,,,,,,,,,,,,,,,9.4,9.4
Latavius Murray,2021,,,,,,51.7,,,,,,,,,,,,,,,,,,,,,,,,,13.6,0.0
Latavius Murray,2022,,,,,,55.2,,,,,,,,,,,,,,,,,,,,,,,,,21.2,6.1
Laviska Shenault,2021,,,,,,115.8,,,,,,,,,,,,,,,,,,,,,,,,,17.0,0.0
Le'Veon Bell,2021,,,,,,0.0,,,,,,,,,,,,,,,,,,,,,,,,,0.0,0.0
LeQuint Allen,2025,,,,,,24.5,,,,,,,,,,,,,,,,,,,,,,,,,3.6,0.0
Leonard Fournette,2021,,,,,,254.5,,,,,,,,,,,,,,,,,,,,,,,,,44.1,0.0
Leonard Fournette,2022,,,,,,224.7,,,,,,,,,,,,,,,,,,,,,,,,,35.9,0.0
Leonard Fournette,2023,,,,,,0.0,,,,,,,,,,,,,,,,,,,,,,,,,0.0,0.0
Lil'Jordan Humphrey,2024,,,,,,8.6,,,,,,,,,,,,,,,,,,,,,,,,,6.8,0.0
Lil'Jordan Humphrey,2025,,,,,,0.0,,,,,,,,,,,,,,,,,,,,,,,,,0.0,0.0
Logan Thomas,2021,,,,,,53.6,,,,,,,,,,,,,,,,,,,,,,,,,13.8,0.0
Logan Thomas,2022,,,,,,15.2,,,,,,,,,,,,,,,,,,,,,,,,,12.7,2.5
Logan Thomas,2023,,,,,,99.1,,,,,,,,,,,,,,,,,,,,,,,,,20.7,0.0
Luke McCaffrey,2024,,,,,,34.8,,,,,,,,,,,,,,,,,,,,,,,,,7.4,0.0
Luke McCaffrey,2025,,,,,,31.8,,,,,,,,,,,,,,,,,,,,,,,,,10.3,0.0
Luke Musgrave,2023,,,,,,73.1,,,,,,,,,,,,,,,,,,,,,,,,,14.1,0.0
Luke Musgrave,2024,,,,,,7.2,,,,,,,,,,,,,,,,,,,,,,,,,4.3,0.0
Luke Musgrave,2025,,,,,,5.2,,,,,,,,,,,,,,,,,,,,,,,,,5.3,-0.1
Luke Schoonmaker,2023,,,,,,26.5,,,,,,,,,,,,,,,,,,,,,,,,,10.3,0.0
Luke Schoonmaker,2024,,,,,,1.3,,,,,,,,,,,,,,,,,,,,,,,,,1.3,1.3
Luther Burden,2025,,,,,,92.6,,,,,,,,,,,,,,,,,,,,,,,,,19.8,0.0
Mac Jones,2021,,,,,,210.1,,,,,,,,,,,,,,,,,,,,,,,,,22.28,-0.54
Mac Jones,2022,,,,,,149.86,,,,,,,,,,,,,,,,,,,,,,,,,22.28,0.0
Mac Jones,2023,,,,,,105.4,,,,,,,,,,,,,,,,,,,,,,,,,24.14,-1.6
Mack Hollins,2022,,,,,,6.3,,,,,,,,,,,,,,,,,,,,,,,,,6.3,6.3
Malachi Corley,2024,,,,,,5.2,,,,,,,,,,,,,,,,,,,,,,,,,2.0,-0.2
Malik Nabers,2024,,,,,,255.2,,,,,,,,,,,,,,,,,,,,,,,,,36.1,0.0
Malik Nabers,2025,,,,,,57.1,,,,,,,,,,,,,,,,,,,,,,,,,37.7,0.0
Malik Washington,2024,,,,,,5.8,,,,,,,,,,,,,,,,,,,,,,,,,5.8,0.0
Malik Washington,2025,,,,,,103.4,,,,,,,,,,,,,,,,,,,,,,,,,13.6,0.0
Malik Willis,2022,,,,,,18.34,,,,,,,,,,,,,,,,,,,,,,,,,9.26,-2.4
MarShawn Lloyd,2024,,,,,,2.8,,,,,,,,,,,,,,,,,,,,,,,,,2.8,0.0
MarShawn Lloyd,2025,,,,,,0.0,,,,,,,,,,,,,,,,,,,,,,,,,0.0,0.0
Marcus Mariota,2022,,,,,,2.86,,,,,,,,,,,,,,,,,,,,,,,,,2.86,2.86
Mark Andrews,2021,,,,,,283.6,,,,,,,,,,,,,,,,,,,,,,,,,41.7,0.0
Mark Andrews,2022,,,,,,189.5,,,,,,,,,,,,,,,,,,,,,,,,,28.9,0.0
Mark Andrews,2023,,,,,,134.4,,,,,,,,,,,,,,,,,,,,,,,,,25.0,0.0
Mark Andrews,2024,,,,,,173.4,,,,,,,,,,,,,,,,,,,,,,,,,20.1,0.0
Mark Andrews,2025,,,,,,119.8,,,,,,,,,,,,,,,,,,,,,,,,,27.1,0.0
Mark Ingram,2021,,,,,,63.8,,,,,,,,,,,,,,,,,,,,,,,,,20.8,0.0
Marlon Mack,2022,,,,,,2.2,,,,,,,,,,,,,,,,,,,,,,,,,2.2,2.2
Marquez Callaway,2021,,,,,,151.79999999999998,,,,,,,,,,,,,,,,,,,,,,,,,24.5,0.0
Marquez Valdes-Scantling,2022,,,,,,92.39999999999999,,,,,,,,,,,,,,,,,,,,,,,,,15.0,0.0
Marquez Valdes-Scantling,2024,,,,,,46.2,,,,,,,,,,,,,,,,,,,,,,,,,16.7,0.0
Marquise Brown,2021,,,,,,218.6,,,,,,,,,,,,,,,,,,,,,,,,,33.5,0.0
Marquise Brown,2022,,,,,,153.3,,,,,,,,,,,,,,,,,,,,,,,,,28.0,0.0
Marquise Brown,2023,,,,,,134.70000000000002,,,,,,,,,,,,,,,,,,,,,,,,,17.4,0.0
Marquise Brown,2024,,,,,,18.1,,,,,,,,,,,,,,,,,,,,,,,,,9.5,0.0
Marquise Brown,2025,,,,,,95.9,,,,,,,,,,,,,,,,,,,,,,,,,20.5,0.0
Marvin Harrison,2024,,,,,,179.2,,,,,,,,,,,,,,,,,,,,,,,,,29.0,0.0
Marvin Harrison,2025,,,,,,127.80000000000001,,,,,,,,,,,,,,,,,,,,,,,,,22.6,0.0
Marvin Jones,2021,,,,,,158.4,,,,,,,,,,,,,,,,,,,,,,,,,23.0,0.0
Marvin Jones,2022,,,,,,14.1,,,,,,,,,,,,,,,,,,,,,,,,,7.8,6.3
Marvin Mims,2023,,,,,,68.0,,,,,,,,,,,,,,,,,,,,,,,,,20.3,-1.1
Marvin Mims,2024,,,,,,106.4,,,,,,,,,,,,,,,,,,,,,,,,,29.2,0.0
Marvin Mims,2025,,,,,,85.0,,,,,,,,,,,,,,,,,,,,,,,,,20.5,0.0
Mason Taylor,2025,,,,,,88.9,,,,,,,,,,,,,,,,,,,,,,,,,17.7,0.0
Mason Tipton,2024,,,,,,3.4,,,,,,,,,,,,,,,,,,,,,,,,,3.4,3.4
Matt Breida,2023,,,,,,3.4,,,,,,,,,,,,,,,,,,,,,,,,,3.4,3.4
Matt Ryan,2021,,,,,,206.07999999999998,,,,,,,,,,,,,,,,,,,,,,,,,29.02,-0.32
Matt Ryan,2022,,,,,,85.42,,,,,,,,,,,,,,,,,,,,,,,,,27.16,0.8
Matthew Golden,2025,,,,,,66.0,,,,,,,,,,,,,,,,,,,,,,,,,13.2,0.0
Matthew Stafford,2021,,,,,,309.21999999999997,,,,,,,,,,,,,,,,,,,,,,,,,29.52,0.0
Matthew Stafford,2022,,,,,,106.38,,,,,,,,,,,,,,,,,,,,,,,,,18.88,0.0
Matthew Stafford,2023,,,,,,243.1,,,,,,,,,,,,,,,,,,,,,,,,,23.66,0.0
Matthew Stafford,2024,,,,,,210.58,,,,,,,,,,,,,,,,,,,,,,,,,27.8,0.0
Matthew Stafford,2025,,,,,,306.96,,,,,,,,,,,,,,,,,,,,,,,,,30.88,0.0
Max Brosmer,2025,,,,,,-3.06,,,,,,,,,,,,,,,,,,,,,,,,,-3.06,-3.06
Maxx Williams,2021,,,,,,2.4,,,,,,,,,,,,,,,,,,,,,,,,,2.4,2.4
Mecole Hardman,2021,,,,,,120.60000000000001,,,,,,,,,,,,,,,,,,,,,,,,,16.6,0.0
Mecole Hardman,2022,,,,,,92.8,,,,,,,,,,,,,,,,,,,,,,,,,28.0,0.0
Mecole Hardman,2023,,,,,,3.2,,,,,,,,,,,,,,,,,,,,,,,,,1.6,1.6
Melvin Gordon,2021,,,,,,178.5,,,,,,,,,,,,,,,,,,,,,,,,,23.1,0.0
Melvin Gordon,2022,,,,,,84.1,,,,,,,,,,,,,,,,,,,,,,,,,14.5,-1.2
Michael Carter,2021,,,,,,152.5,,,,,,,,,,,,,,,,,,,,,,,,,32.2,0.0
Michael Carter,2022,,,,,,122.5,,,,,,,,,,,,,,,,,,,,,,,,,17.3,0.0
Michael Carter,2023,,,,,,0.0,,,,,,,,,,,,,,,,,,,,,,,,,0.0,0.0
Michael Carter,2025,,,,,,8.4,,,,,,,,,,,,,,,,,,,,,,,,,8.4,8.4
Michael Gallup,2021,,,,,,91.5,,,,,,,,,,,,,,,,,,,,,,,,,15.6,0.0
Michael Gallup,2022,,,,,,103.4,,,,,,,,,,,,,,,,,,,,,,,,,18.3,0.0
Michael Gallup,2023,,,,,,38.4,,,,,,,,,,,,,,,,,,,,,,,,,15.2,1.3
Michael Mayer,2023,,,,,,71.4,,,,,,,,,,,,,,,,,,,,,,,,,13.9,0.0
Michael Mayer,2024,,,,,,8.5,,,,,,,,,,,,,,,,,,,,,,,,,2.4,0.0
Michael Mayer,2025,,,,,,47.199999999999996,,,,,,,,,,,,,,,,,,,,,,,,,16.0,0.0
Michael Penix,2024,,,,,,17.12,,,,,,,,,,,,,,,,,,,,,,,,,9.22,0.0
Michael Penix,2025,,,,,,118.28,,,,,,,,,,,,,,,,,,,,,,,,,23.02,0.0
Michael Pittman,2021,,,,,,217.2,,,,,,,,,,,,,,,,,,,,,,,,,30.6,0.0
Michael Pittman,2022,,,,,,203.5,,,,,,,,,,,,,,,,,,,,,,,,,27.1,0.0
Michael Pittman,2023,,,,,,241.79999999999998,,,,,,,,,,,,,,,,,,,,,,,,,27.5,0.0
Michael Pittman,2024,,,,,,152.6,,,,,,,,,,,,,,,,,,,,,,,,,25.9,0.0
Michael Pittman,2025,,,,,,195.7,,,,,,,,,,,,,,,,,,,,,,,,,23.5,0.0
Michael Thomas,2021,,,,,,0.0,,,,,,,,,,,,,,,,,,,,,,,,,0.0,0.0
Michael Thomas,2022,,,,,,51.1,,,,,,,,,,,,,,,,,,,,,,,,,22.7,0.0
Michael Thomas,2023,,,,,,89.8,,,,,,,,,,,,,,,,,,,,,,,,,13.2,0.0
Michael Wilson,2023,,,,,,49.3,,,,,,,,,,,,,,,,,,,,,,,,,15.5,0.0
Michael Wilson,2024,,,,,,124.5,,,,,,,,,,,,,,,,,,,,,,,,,14.4,0.0
Michael Wilson,2025,,,,,,128.7,,,,,,,,,,,,,,,,,,,,,,,,,37.2,0.0
Mike Boone,2022,,,,,,12.9,,,,,,,,,,,,,,,,,,,,,,,,,11.5,1.4
Mike Davis,2021,,,,,,135.4,,,,,,,,,,,,,,,,,,,,,,,,,16.9,0.0
Mike Davis,2022,,,,,,0.1,,,,,,,,,,,,,,,,,,,,,,,,,0.1,0.1
Mike Evans,2021,,,,,,235.6,,,,,,,,,,,,,,,,,,,,,,,,,31.6,0.0
Mike Evans,2022,,,,,,225.4,,,,,,,,,,,,,,,,,,,,,,,,,48.7,0.0
Mike Evans,2023,,,,,,277.3,,,,,,,,,,,,,,,,,,,,,,,,,29.2,0.0
Mike Evans,2024,,,,,,222.5,,,,,,,,,,,,,,,,,,,,,,,,,36.9,0.0
Mike Evans,2025,,,,,,67.3,,,,,,,,,,,,,,,,,,,,,,,,,19.2,0.0
Mike Gesicki,2021,,,,,,160.8,,,,,,,,,,,,,,,,,,,,,,,,,21.5,0.0
Mike Gesicki,2022,,,,,,86.2,,,,,,,,,,,,,,,,,,,,,,,,,24.9,0.0
Mike Gesicki,2023,,,,,,19.9,,,,,,,,,,,,,,,,,,,,,,,,,8.3,2.2
Mike Gesicki,2024,,,,,,65.3,,,,,,,,,,,,,,,,,,,,,,,,,18.6,0.0
Mike Gesicki,2025,,,,,,21.8,,,,,,,,,,,,,,,,,,,,,,,,,12.5,0.0
Mike White,2022,,,,,,30.78,,,,,,,,,,,,,,,,,,,,,,,,,17.46,0.0
Mike White,2023,,,,,,-2.0,,,,,,,,,,,,,,,,,,,,,,,,,-2.0,-2.0
Mike Williams,2021,,,,,,219.7,,,,,,,,,,,,,,,,,,,,,,,,,36.5,0.0
Mike Williams,2022,,,,,,169.3,,,,,,,,,,,,,,,,,,,,,,,,,25.3,0.0
Mike Williams,2023,,,,,,50.2,,,,,,,,,,,,,,,,,,,,,,,,,25.1,0.0
Mike Williams,2024,,,,,,38.8,,,,,,,,,,,,,,,,,,,,,,,,,10.7,0.0
Miles Sanders,2021,,,,,,117.2,,,,,,,,,,,,,,,,,,,,,,,,,17.3,0.0
Miles Sanders,2022,,,,,,213.4,,,,,,,,,,,,,,,,,,,,,,,,,31.0,0.0
Miles Sanders,2023,,,,,,85.8,,,,,,,,,,,,,,,,,,,,,,,,,17.2,0.0
Miles Sanders,2024,,,,,,1.0,,,,,,,,,,,,,,,,,,,,,,,,,1.0,1.0
Mitchell Evans,2025,,,,,,45.1,,,,,,,,,,,,,,,,,,,,,,,,,11.3,0.0
Mitchell Trubisky,2023,,,,,,33.46,,,,,,,,,,,,,,,,,,,,,,,,,20.6,12.86
Myles Gaskin,2021,,,,,,168.6,,,,,,,,,,,,,,,,,,,,,,,,,31.9,0.0
Najee Harris,2021,,,,,,291.2,,,,,,,,,,,,,,,,,,,,,,,,,29.6,0.0
Najee Harris,2022,,,,,,208.46,,,,,,,,,,,,,,,,,,,,,,,,,27.6,0.0
Najee Harris,2023,,,,,,170.2,,,,,,,,,,,,,,,,,,,,,,,,,24.2,0.0
Najee Harris,2024,,,,,,189.0,,,,,,,,,,,,,,,,,,,,,,,,,24.9,0.0
Najee Harris,2025,,,,,,11.6,,,,,,,,,,,,,,,,,,,,,,,,,6.8,0.0
Nelson Agholor,2021,,,,,,45.9,,,,,,,,,,,,,,,,,,,,,,,,,18.2,3.7
Nick Chubb,2021,,,,,,207.3,,,,,,,,,,,,,,,,,,,,,,,,,29.3,0.0
Nick Chubb,2022,,,,,,258.2,,,,,,,,,,,,,,,,,,,,,,,,,32.3,0.0
Nick Chubb,2023,,,,,,23.1,,,,,,,,,,,,,,,,,,,,,,,,,16.7,0.0
Nick Chubb,2024,,,,,,63.3,,,,,,,,,,,,,,,,,,,,,,,,,19.0,0.0
Nick Chubb,2025,,,,,,88.2,,,,,,,,,,,,,,,,,,,,,,,,,15.2,0.0
Nick Mullens,2023,,,,,,17.12,,,,,,,,,,,,,,,,,,,,,,,,,17.12,17.12
Nick Westbrook-Ikhine,2021,,,,,,12.0,,,,,,,,,,,,,,,,,,,,,,,,,6.1,5.9
Nick Westbrook-Ikhine,2024,,,,,,22.2,,,,,,,,,,,,,,,,,,,,,,,,,9.7,2.9
Nico Collins,2021,,,,,,73.9,,,,,,,,,,,,,,,,,,,,,,,,,12.3,0.0
Nico Collins,2022,,,,,,90.8,,,,,,,,,,,,,,,,,,,,,,,,,15.9,0.0
Nico Collins,2023,,,,,,224.9,,,,,,,,,,,,,,,,,,,,,,,,,35.8,0.0
Nico Collins,2024,,,,,,195.79999999999998,,,,,,,,,,,,,,,,,,,,,,,,,33.1,0.0
Nico Collins,2025,,,,,,217.5,,,,,,,,,,,,,,,,,,,,,,,,,24.2,0.0
Noah Brown,2023,,,,,,30.8,,,,,,,,,,,,,,,,,,,,,,,,,22.2,0.0
Noah Brown,2024,,,,,,8.9,,,,,,,,,,,,,,,,,,,,,,,,,6.3,2.6
Noah Fant,2021,,,,,,156.4,,,,,,,,,,,,,,,,,,,,,,,,,24.7,0.0
Noah Fant,2022,,,,,,4.6,,,,,,,,,,,,,,,,,,,,,,,,,4.6,4.6
Noah Fant,2024,,,,,,5.2,,,,,,,,,,,,,,,,,,,,,,,,,5.2,5.2
Noah Gray,2023,,,,,,7.6,,,,,,,,,,,,,,,,,,,,,,,,,6.1,1.5
Noah Gray,2024,,,,,,30.1,,,,,,,,,,,,,,,,,,,,,,,,,10.1,1.6
Nyheim Miller-Hines,2021,,,,,,23.2,,,,,,,,,,,,,,,,,,,,,,,,,18.9,1.1
Nyheim Miller-Hines,2022,,,,,,54.300000000000004,,,,,,,,,,,,,,,,,,,,,,,,,12.9,0.0
Odell Beckham,2021,,,,,,125.3,,,,,,,,,,,,,,,,,,,,,,,,,19.7,0.0
Odell Beckham,2022,,,,,,0.0,,,,,,,,,,,,,,,,,,,,,,,,,0.0,0.0
Odell Beckham,2023,,,,,,63.3,,,,,,,,,,,,,,,,,,,,,,,,,19.7,0.0
Odell Beckham,2024,,,,,,3.7,,,,,,,,,,,,,,,,,,,,,,,,,3.7,3.7
Olamide Zaccheaus,2024,,,,,,25.8,,,,,,,,,,,,,,,,,,,,,,,,,23.3,2.5
Ollie Gordon,2025,,,,,,52.0,,,,,,,,,,,,,,,,,,,,,,,,,13.6,-0.3
Omarion Hampton,2025,,,,,,114.7,,,,,,,,,,,,,,,,,,,,,,,,,27.5,0.0
Oronde Gadsden,2025,,,,,,114.89999999999999,,,,,,,,,,,,,,,,,,,,,,,,,29.4,0.0
P.J. Walker,2021,,,,,,4.28,,,,,,,,,,,,,,,,,,,,,,,,,4.28,4.28
Parker Washington,2023,,,,,,19.0,,,,,,,,,,,,,,,,,,,,,,,,,8.7,1.2
Parker Washington,2024,,,,,,68.8,,,,,,,,,,,,,,,,,,,,,,,,,24.3,0.0
Parker Washington,2025,,,,,,66.5,,,,,,,,,,,,,,,,,,,,,,,,,18.1,3.6
Parris Campbell,2021,,,,,,6.3,,,,,,,,,,,,,,,,,,,,,,,,,3.4,0.0
Parris Campbell,2022,,,,,,72.4,,,,,,,,,,,,,,,,,,,,,,,,,20.6,0.0
Parris Campbell,2023,,,,,,1.2,,,,,,,,,,,,,,,,,,,,,,,,,1.2,1.2
Pat Bryant,2025,,,,,,67.7,,,,,,,,,,,,,,,,,,,,,,,,,13.2,0.0
Pat Freiermuth,2021,,,,,,140.4,,,,,,,,,,,,,,,,,,,,,,,,,21.3,0.0
Pat Freiermuth,2022,,,,,,148.2,,,,,,,,,,,,,,,,,,,,,,,,,15.9,0.0
Pat Freiermuth,2023,,,,,,72.7,,,,,,,,,,,,,,,,,,,,,,,,,21.0,0.0
Pat Freiermuth,2024,,,,,,144.8,,,,,,,,,,,,,,,,,,,,,,,,,18.8,0.0
Pat Freiermuth,2025,,,,,,96.2,,,,,,,,,,,,,,,,,,,,,,,,,28.1,0.0
Patrick Mahomes,2021,,,,,,330.46,,,,,,,,,,,,,,,,,,,,,,,,,36.24,0.0
Patrick Mahomes,2022,,,,,,397.42,,,,,,,,,,,,,,,,,,,,,,,,,34.14,0.0
Patrick Mahomes,2023,,,,,,278.22,,,,,,,,,,,,,,,,,,,,,,,,,33.86,0.0
Patrick Mahomes,2024,,,,,,281.02,,,,,,,,,,,,,,,,,,,,,,,,,27.76,0.0
Patrick Mahomes,2025,,,,,,282.68,,,,,,,,,,,,,,,,,,,,,,,,,30.48,0.0
Patrick Taylor,2024,,,,,,12.0,,,,,,,,,,,,,,,,,,,,,,,,,8.5,0.0
Philip Rivers,2025,,,,,,21.88,,,,,,,,,,,,,,,,,,,,,,,,,16.08,0.0
Phillip Lindsay,2021,,,,,,8.5,,,,,,,,,,,,,,,,,,,,,,,,,8.5,8.5
Puka Nacua,2023,,,,,,283.4,,,,,,,,,,,,,,,,,,,,,,,,,33.0,0.0
Puka Nacua,2024,,,,,,206.6,,,,,,,,,,,,,,,,,,,,,,,,,41.8,0.0
Puka Nacua,2025,,,,,,333.3,,,,,,,,,,,,,,,,,,,,,,,,,46.5,0.0
Quentin Johnston,2023,,,,,,89.7,,,,,,,,,,,,,,,,,,,,,,,,,13.4,0.0
Quentin Johnston,2024,,,,,,143.10000000000002,,,,,,,,,,,,,,,,,,,,,,,,,22.1,0.0
Quentin Johnston,2025,,,,,,156.4,,,,,,,,,,,,,,,,,,,,,,,,,24.9,0.0
Quinn Ewers,2025,,,,,,7.0200000000000005,,,,,,,,,,,,,,,,,,,,,,,,,6.9,0.0
Quinshon Judkins,2025,,,,,,169.8,,,,,,,,,,,,,,,,,,,,,,,,,26.4,0.0
Quintez Cephus,2021,,,,,,20.900000000000002,,,,,,,,,,,,,,,,,,,,,,,,,12.3,1.8
RJ Harvey,2025,,,,,,183.7,,,,,,,,,,,,,,,,,,,,,,,,,24.1,0.0
Rachaad White,2022,,,,,,137.6,,,,,,,,,,,,,,,,,,,,,,,,,19.9,0.0
Rachaad White,2023,,,,,,253.6,,,,,,,,,,,,,,,,,,,,,,,,,27.9,0.0
Rachaad White,2024,,,,,,199.6,,,,,,,,,,,,,,,,,,,,,,,,,29.1,0.0
Rachaad White,2025,,,,,,133.2,,,,,,,,,,,,,,,,,,,,,,,,,23.1,0.0
Raheem Mostert,2021,,,,,,2.0,,,,,,,,,,,,,,,,,,,,,,,,,2.0,0.0
Raheem Mostert,2022,,,,,,127.8,,,,,,,,,,,,,,,,,,,,,,,,,23.1,0.0
Raheem Mostert,2023,,,,,,264.7,,,,,,,,,,,,,,,,,,,,,,,,,45.2,0.0
Raheem Mostert,2024,,,,,,70.9,,,,,,,,,,,,,,,,,,,,,,,,,16.0,-0.2
Randall Cobb,2022,,,,,,3.4,,,,,,,,,,,,,,,,,,,,,,,,,3.4,3.4
Rashaad Penny,2021,,,,,,60.3,,,,,,,,,,,,,,,,,,,,,,,,,32.5,1.9
Rashaad Penny,2022,,,,,,51.2,,,,,,,,,,,,,,,,,,,,,,,,,28.7,0.0
Rashaad Penny,2023,,,,,,2.4,,,,,,,,,,,,,,,,,,,,,,,,,2.4,0.0
Rashee Rice,2023,,,,,,211.5,,,,,,,,,,,,,,,,,,,,,,,,,24.7,0.0
Rashee Rice,2024,,,,,,64.9,,,,,,,,,,,,,,,,,,,,,,,,,29.1,0.0
Rashee Rice,2025,,,,,,148.1,,,,,,,,,,,,,,,,,,,,,,,,,28.4,0.0
Rashid Shaheed,2022,,,,,,40.5,,,,,,,,,,,,,,,,,,,,,,,,,18.5,8.1
Rashid Shaheed,2023,,,,,,140.1,,,,,,,,,,,,,,,,,,,,,,,,,24.3,0.0
Rashid Shaheed,2024,,,,,,79.8,,,,,,,,,,,,,,,,,,,,,,,,,20.9,0.0
Rashid Shaheed,2025,,,,,,152.6,,,,,,,,,,,,,,,,,,,,,,,,,21.4,0.0
Rashod Bateman,2021,,,,,,99.3,,,,,,,,,,,,,,,,,,,,,,,,,17.3,0.0
Rashod Bateman,2022,,,,,,53.5,,,,,,,,,,,,,,,,,,,,,,,,,20.8,0.0
Rashod Bateman,2023,,,,,,76.5,,,,,,,,,,,,,,,,,,,,,,,,,9.4,0.0
Rashod Bateman,2024,,,,,,156.0,,,,,,,,,,,,,,,,,,,,,,,,,23.0,0.0
Rashod Bateman,2025,,,,,,11.899999999999999,,,,,,,,,,,,,,,,,,,,,,,,,7.1,0.0
Ray Davis,2024,,,,,,101.6,,,,,,,,,,,,,,,,,,,,,,,,,18.2,0.0
Ray Davis,2025,,,,,,36.1,,,,,,,,,,,,,,,,,,,,,,,,,9.9,0.0
Ray-Ray McCloud,2024,,,,,,36.0,,,,,,,,,,,,,,,,,,,,,,,,,16.1,2.4
Rex Burkhead,2022,,,,,,9.9,,,,,,,,,,,,,,,,,,,,,,,,,7.0,2.9
Rhamondre Stevenson,2021,,,,,,109.3,,,,,,,,,,,,,,,,,,,,,,,,,27.4,0.0
Rhamondre Stevenson,2022,,,,,,233.9,,,,,,,,,,,,,,,,,,,,,,,,,25.1,0.0
Rhamondre Stevenson,2023,,,,,,145.7,,,,,,,,,,,,,,,,,,,,,,,,,22.9,0.0
Rhamondre Stevenson,2024,,,,,,171.9,,,,,,,,,,,,,,,,,,,,,,,,,23.5,0.0
Rhamondre Stevenson,2025,,,,,,116.3,,,,,,,,,,,,,,,,,,,,,,,,,21.2,0.0
Richie James,2022,,,,,,-0.1,,,,,,,,,,,,,,,,,,,,,,,,,-0.1,-0.1
Ricky Pearsall,2024,,,,,,74.6,,,,,,,,,,,,,,,,,,,,,,,,,28.7,0.0
Ricky Pearsall,2025,,,,,,75.1,,,,,,,,,,,,,,,,,,,,,,,,,19.7,0.0
Ricky Seals-Jones,2021,,,,,,11.1,,,,,,,,,,,,,,,,,,,,,,,,,11.1,11.1
Rico Dowdle,2023,,,,,,59.3,,,,,,,,,,,,,,,,,,,,,,,,,13.6,0.0
Rico Dowdle,2024,,,,,,180.4,,,,,,,,,,,,,,,,,,,,,,,,,21.7,0.0
Rico Dowdle,2025,,,,,,181.7,,,,,,,,,,,,,,,,,,,,,,,,,32.9,0.0
Riley Leonard,2025,,,,,,10.4,,,,,,,,,,,,,,,,,,,,,,,,,10.3,0.0
Rob Gronkowski,2021,,,,,,150.5,,,,,,,,,,,,,,,,,,,,,,,,,29.0,0.0
Robbie Chosen,2021,,,,,,120.5,,,,,,,,,,,,,,,,,,,,,,,,,21.4,0.0
Robbie Chosen,2022,,,,,,6.6,,,,,,,,,,,,,,,,,,,,,,,,,4.2,2.4
Robert Tonyan,2021,,,,,,50.4,,,,,,,,,,,,,,,,,,,,,,,,,16.3,0.0
Robert Tonyan,2022,,,,,,9.7,,,,,,,,,,,,,,,,,,,,,,,,,6.6,3.1
Robert Woods,2021,,,,,,137.2,,,,,,,,,,,,,,,,,,,,,,,,,27.0,0.0
Robert Woods,2022,,,,,,72.7,,,,,,,,,,,,,,,,,,,,,,,,,13.0,0.0
Robert Woods,2023,,,,,,12.0,,,,,,,,,,,,,,,,,,,,,,,,,6.4,5.6
Roman Wilson,2024,,,,,,0.0,,,,,,,,,,,,,,,,,,,,,,,,,0.0,0.0
Roman Wilson,2025,,,,,,-0.6,,,,,,,,,,,,,,,,,,,,,,,,,-0.6,-0.6
Rome Odunze,2024,,,,,,140.1,,,,,,,,,,,,,,,,,,,,,,,,,23.4,0.0
Rome Odunze,2025,,,,,,146.1,,,,,,,,,,,,,,,,,,,,,,,,,31.8,0.0
Romeo Doubs,2022,,,,,,100.6,,,,,,,,,,,,,,,,,,,,,,,,,20.3,0.0
Romeo Doubs,2023,,,,,,173.4,,,,,,,,,,,,,,,,,,,,,,,,,18.6,0.0
Romeo Doubs,2024,,,,,,132.1,,,,,,,,,,,,,,,,,,,,,,,,,19.9,0.0
Romeo Doubs,2025,,,,,,155.2,,,,,,,,,,,,,,,,,,,,,,,,,29.8,0.0
Ronald Jones,2021,,,,,,49.1,,,,,,,,,,,,,,,,,,,,,,,,,16.1,-0.6
Rondale Moore,2021,,,,,,107.1,,,,,,,,,,,,,,,,,,,,,,,,,23.4,0.0
Rondale Moore,2022,,,,,,87.89999999999999,,,,,,,,,,,,,,,,,,,,,,,,,23.4,-0.6
Rondale Moore,2023,,,,,,96.4,,,,,,,,,,,,,,,,,,,,,,,,,16.2,0.0
Rondale Moore,2024,,,,,,0.0,,,,,,,,,,,,,,,,,,,,,,,,,0.0,0.0
Ronnie Rivers,2022,,,,,,0.0,,,,,,,,,,,,,,,,,,,,,,,,,0.0,0.0
Ronnie Rivers,2023,,,,,,0.1,,,,,,,,,,,,,,,,,,,,,,,,,0.1,0.1
Roschon Johnson,2023,,,,,,99.1,,,,,,,,,,,,,,,,,,,,,,,,,17.5,0.0
Roschon Johnson,2024,,,,,,70.5,,,,,,,,,,,,,,,,,,,,,,,,,14.5,0.0
Roschon Johnson,2025,,,,,,0.0,,,,,,,,,,,,,,,,,,,,,,,,,0.0,0.0
Royce Freeman,2021,,,,,,1.2,,,,,,,,,,,,,,,,,,,,,,,,,1.2,1.2
Russell Gage,2021,,,,,,77.2,,,,,,,,,,,,,,,,,,,,,,,,,23.1,0.0
Russell Gage,2022,,,,,,69.4,,,,,,,,,,,,,,,,,,,,,,,,,24.7,0.0
Russell Wilson,2021,,,,,,213.8,,,,,,,,,,,,,,,,,,,,,,,,,27.84,0.0
Russell Wilson,2022,,,,,,198.64,,,,,,,,,,,,,,,,,,,,,,,,,27.48,0.0
Russell Wilson,2023,,,,,,251.9,,,,,,,,,,,,,,,,,,,,,,,,,25.92,0.0
Russell Wilson,2024,,,,,,160.26,,,,,,,,,,,,,,,,,,,,,,,,,26.86,0.0
Russell Wilson,2025,,,,,,46.839999999999996,,,,,,,,,,,,,,,,,,,,,,,,,29.3,-0.68
Ryan Fitzpatrick,2021,,,,,,-0.28,,,,,,,,,,,,,,,,,,,,,,,,,0.0,-0.28
Ryan Tannehill,2021,,,,,,235.08,,,,,,,,,,,,,,,,,,,,,,,,,21.48,0.0
Ryan Tannehill,2022,,,,,,117.94,,,,,,,,,,,,,,,,,,,,,,,,,19.34,0.88
Ryan Tannehill,2023,,,,,,48.12,,,,,,,,,,,,,,,,,,,,,,,,,21.04,0.0
Sam Darnold,2021,,,,,,137.62,,,,,,,,,,,,,,,,,,,,,,,,,31.54,0.0
Sam Darnold,2022,,,,,,42.54,,,,,,,,,,,,,,,,,,,,,,,,,21.9,20.64
Sam Darnold,2024,,,,,,296.32,,,,,,,,,,,,,,,,,,,,,,,,,34.58,0.0
Sam Darnold,2025,,,,,,217.52,,,,,,,,,,,,,,,,,,,,,,,,,27.64,0.0
Sam Ehlinger,2022,,,,,,13.559999999999999,,,,,,,,,,,,,,,,,,,,,,,,,7.54,0.0
Sam Howell,2023,,,,,,248.12,,,,,,,,,,,,,,,,,,,,,,,,,29.98,-1.76
Sam Howell,2024,,,,,,0.0,,,,,,,,,,,,,,,,,,,,,,,,,0.0,0.0
Sam LaPorta,2023,,,,,,225.4,,,,,,,,,,,,,,,,,,,,,,,,,29.0,0.0
Sam LaPorta,2024,,,,,,161.3,,,,,,,,,,,,,,,,,,,,,,,,,18.4,0.0
Sam LaPorta,2025,,,,,,106.9,,,,,,,,,,,,,,,,,,,,,,,,,21.7,0.0
Samaje Perine,2021,,,,,,31.9,,,,,,,,,,,,,,,,,,,,,,,,,18.3,6.3
Samaje Perine,2022,,,,,,58.8,,,,,,,,,,,,,,,,,,,,,,,,,21.5,0.0
Samaje Perine,2023,,,,,,40.2,,,,,,,,,,,,,,,,,,,,,,,,,11.8,1.6
Samaje Perine,2024,,,,,,29.9,,,,,,,,,,,,,,,,,,,,,,,,,7.4,0.0
Sammy Watkins,2021,,,,,,33.6,,,,,,,,,,,,,,,,,,,,,,,,,10.8,0.0
Sammy Watkins,2022,,,,,,4.8,,,,,,,,,,,,,,,,,,,,,,,,,4.8,4.8
Saquon Barkley,2021,,,,,,139.70000000000002,,,,,,,,,,,,,,,,,,,,,,,,,28.6,0.0
Saquon Barkley,2022,,,,,,283.0,,,,,,,,,,,,,,,,,,,,,,,,,32.4,0.0
Saquon Barkley,2023,,,,,,199.5,,,,,,,,,,,,,,,,,,,,,,,,,30.0,0.0
Saquon Barkley,2024,,,,,,354.3,,,,,,,,,,,,,,,,,,,,,,,,,46.2,0.0
Saquon Barkley,2025,,,,,,225.5,,,,,,,,,,,,,,,,,,,,,,,,,33.4,0.0
Savion Williams,2025,,,,,,4.3,,,,,,,,,,,,,,,,,,,,,,,,,4.3,0.0
Sean Tucker,2023,,,,,,5.2,,,,,,,,,,,,,,,,,,,,,,,,,4.4,0.0
Sean Tucker,2024,,,,,,28.8,,,,,,,,,,,,,,,,,,,,,,,,,7.0,0.0
Sean Tucker,2025,,,,,,64.4,,,,,,,,,,,,,,,,,,,,,,,,,34.0,0.0
Shedeur Sanders,2025,,,,,,69.42,,,,,,,,,,,,,,,,,,,,,,,,,33.46,0.0
Sincere McCormick,2024,,,,,,4.5,,,,,,,,,,,,,,,,,,,,,,,,,4.5,0.0
Sione Vaki,2024,,,,,,4.0,,,,,,,,,,,,,,,,,,,,,,,,,4.0,4.0
Skyy Moore,2022,,,,,,43.4,,,,,,,,,,,,,,,,,,,,,,,,,11.3,-2.0
Skyy Moore,2023,,,,,,53.7,,,,,,,,,,,,,,,,,,,,,,,,,16.0,0.0
Sony Michel,2021,,,,,,82.9,,,,,,,,,,,,,,,,,,,,,,,,,21.9,0.2
Spencer Rattler,2024,,,,,,50.58,,,,,,,,,,,,,,,,,,,,,,,,,12.32,0.0
Spencer Rattler,2025,,,,,,97.14,,,,,,,,,,,,,,,,,,,,,,,,,20.68,2.64
Stefon Diggs,2021,,,,,,261.4,,,,,,,,,,,,,,,,,,,,,,,,,30.2,0.0
Stefon Diggs,2022,,,,,,296.8,,,,,,,,,,,,,,,,,,,,,,,,,44.8,0.0
Stefon Diggs,2023,,,,,,257.1,,,,,,,,,,,,,,,,,,,,,,,,,36.0,0.0
Stefon Diggs,2024,,,,,,121.92,,,,,,,,,,,,,,,,,,,,,,,,,21.9,0.0
Stefon Diggs,2025,,,,,,180.9,,,,,,,,,,,,,,,,,,,,,,,,,24.6,0.0
Sterling Shepard,2021,,,,,,77.7,,,,,,,,,,,,,,,,,,,,,,,,,24.3,0.0
Sterling Shepard,2024,,,,,,4.8,,,,,,,,,,,,,,,,,,,,,,,,,4.8,4.8
T.J. Hockenson,2021,,,,,,145.3,,,,,,,,,,,,,,,,,,,,,,,,,25.7,0.0
T.J. Hockenson,2022,,,,,,212.8,,,,,,,,,,,,,,,,,,,,,,,,,39.9,0.0
T.J. Hockenson,2023,,,,,,219.0,,,,,,,,,,,,,,,,,,,,,,,,,30.4,0.0
T.J. Hockenson,2024,,,,,,83.6,,,,,,,,,,,,,,,,,,,,,,,,,18.4,0.0
T.J. Hockenson,2025,,,,,,112.8,,,,,,,,,,,,,,,,,,,,,,,,,15.9,0.0
T.Y. Hilton,2021,,,,,,15.6,,,,,,,,,,,,,,,,,,,,,,,,,12.0,0.0
Tahj Brooks,2025,,,,,,3.5,,,,,,,,,,,,,,,,,,,,,,,,,1.7,0.0
Tank Bigsby,2023,,,,,,21.2,,,,,,,,,,,,,,,,,,,,,,,,,7.0,-1.1
Tank Bigsby,2024,,,,,,114.8,,,,,,,,,,,,,,,,,,,,,,,,,24.9,0.0
Tank Bigsby,2025,,,,,,14.299999999999999,,,,,,,,,,,,,,,,,,,,,,,,,10.4,0.0
Tank Dell,2023,,,,,,164.0,,,,,,,,,,,,,,,,,,,,,,,,,29.6,0.0
Tank Dell,2024,,,,,,140.0,,,,,,,,,,,,,,,,,,,,,,,,,21.8,0.0
Tank Dell,2025,,,,,,0.0,,,,,,,,,,,,,,,,,,,,,,,,,0.0,0.0
Tanner Hudson,2023,,,,,,1.5,,,,,,,,,,,,,,,,,,,,,,,,,1.5,1.5
Tarik Cohen,2021,,,,,,0.0,,,,,,,,,,,,,,,,,,,,,,,,,0.0,0.0
Taylor Heinicke,2021,,,,,,124.32,,,,,,,,,,,,,,,,,,,,,,,,,27.9,0.0
Taylor Heinicke,2022,,,,,,10.24,,,,,,,,,,,,,,,,,,,,,,,,,10.24,0.0
Taylor Heinicke,2023,,,,,,24.32,,,,,,,,,,,,,,,,,,,,,,,,,14.72,0.0
Taysom Hill,2021,,,,,,71.8,,,,,,,,,,,,,,,,,,,,,,,,,24.3,0.0
Taysom Hill,2022,,,,,,76.26,,,,,,,,,,,,,,,,,,,,,,,,,13.56,0.0
Taysom Hill,2023,,,,,,84.52,,,,,,,,,,,,,,,,,,,,,,,,,22.46,0.0
Taysom Hill,2024,,,,,,102.34,,,,,,,,,,,,,,,,,,,,,,,,,41.52,0.0
Taysom Hill,2025,,,,,,33.58,,,,,,,,,,,,,,,,,,,,,,,,,15.32,-1.1
Teddy Bridgewater,2021,,,,,,161.0,,,,,,,,,,,,,,,,,,,,,,,,,21.86,0.0
Teddy Bridgewater,2022,,,,,,0.0,,,,,,,,,,,,,,,,,,,,,,,,,0.0,0.0
Tee Higgins,2021,,,,,,219.1,,,,,,,,,,,,,,,,,,,,,,,,,43.4,0.0
Tee Higgins,2022,,,,,,221.5,,,,,,,,,,,,,,,,,,,,,,,,,26.8,0.0
Tee Higgins,2023,,,,,,137.6,,,,,,,,,,,,,,,,,,,,,,,,,28.9,0.0
Tee Higgins,2024,,,,,,212.8,,,,,,,,,,,,,,,,,,,,,,,,,40.1,0.0
Tee Higgins,2025,,,,,,183.0,,,,,,,,,,,,,,,,,,,,,,,,,33.1,0.0
Terrace Marshall,2021,,,,,,32.800000000000004,,,,,,,,,,,,,,,,,,,,,,,,,8.8,0.0
Terrace Marshall,2022,,,,,,76.7,,,,,,,,,,,,,,,,,,,,,,,,,14.3,0.0
Terrace Marshall,2023,,,,,,30.4,,,,,,,,,,,,,,,,,,,,,,,,,13.6,0.0
Terrance Ferguson,2025,,,,,,38.7,,,,,,,,,,,,,,,,,,,,,,,,,12.3,0.0
Terry McLaurin,2021,,,,,,200.2,,,,,,,,,,,,,,,,,,,,,,,,,30.3,0.0
Terry McLaurin,2022,,,,,,211.6,,,,,,,,,,,,,,,,,,,,,,,,,24.5,0.0
Terry McLaurin,2023,,,,,,197.60000000000002,,,,,,,,,,,,,,,,,,,,,,,,,26.1,0.0
Terry McLaurin,2024,,,,,,247.6,,,,,,,,,,,,,,,,,,,,,,,,,27.3,0.0
Terry McLaurin,2025,,,,,,93.2,,,,,,,,,,,,,,,,,,,,,,,,,22.6,0.0
Tetairoa McMillan,2025,,,,,,199.4,,,,,,,,,,,,,,,,,,,,,,,,,33.0,0.0
Tevin Coleman,2021,,,,,,10.7,,,,,,,,,,,,,,,,,,,,,,,,,10.7,10.7
Tez Johnson,2025,,,,,,85.3,,,,,,,,,,,,,,,,,,,,,,,,,20.2,0.0
Theo Johnson,2024,,,,,,68.1,,,,,,,,,,,,,,,,,,,,,,,,,14.1,0.0
Theo Johnson,2025,,,,,,127.8,,,,,,,,,,,,,,,,,,,,,,,,,21.3,0.0
Tim Boyle,2023,,,,,,4.12,,,,,,,,,,,,,,,,,,,,,,,,,4.12,4.12
Tim Patrick,2021,,,,,,30.6,,,,,,,,,,,,,,,,,,,,,,,,,13.2,3.6
Tom Brady,2021,,,,,,348.7,,,,,,,,,,,,,,,,,,,,,,,,,37.74,0.0
Tom Brady,2022,,,,,,263.3,,,,,,,,,,,,,,,,,,,,,,,,,37.68,0.0
Tom Brady,2024,,,,,,0.0,,,,,,,,,,,,,,,,,,,,,,,,,0.0,0.0
Tom Brady,2025,,,,,,0.0,,,,,,,,,,,,,,,,,,,,,,,,,0.0,0.0
Tommy DeVito,2023,,,,,,76.12,,,,,,,,,,,,,,,,,,,,,,,,,22.54,0.0
Tommy DeVito,2024,,,,,,10.76,,,,,,,,,,,,,,,,,,,,,,,,,10.76,0.0
Tommy Tremble,2021,,,,,,0.0,,,,,,,,,,,,,,,,,,,,,,,,,0.0,0.0
Tony Jones,2021,,,,,,15.4,,,,,,,,,,,,,,,,,,,,,,,,,6.3,0.7
Tony Pollard,2021,,,,,,154.6,,,,,,,,,,,,,,,,,,,,,,,,,23.0,0.0
Tony Pollard,2022,,,,,,246.9,,,,,,,,,,,,,,,,,,,,,,,,,36.9,0.0
Tony Pollard,2023,,,,,,204.0,,,,,,,,,,,,,,,,,,,,,,,,,21.3,0.0
Tony Pollard,2024,,,,,,194.5,,,,,,,,,,,,,,,,,,,,,,,,,21.9,0.0
Tony Pollard,2025,,,,,,163.8,,,,,,,,,,,,,,,,,,,,,,,,,28.1,0.0
Tory Horton,2025,,,,,,65.1,,,,,,,,,,,,,,,,,,,,,,,,,20.8,0.0
Travis Etienne,2021,,,,,,0.0,,,,,,,,,,,,,,,,,,,,,,,,,0.0,0.0
Travis Etienne,2022,,,,,,197.7,,,,,,,,,,,,,,,,,,,,,,,,,26.6,0.0
Travis Etienne,2023,,,,,,268.7,,,,,,,,,,,,,,,,,,,,,,,,,36.4,0.0
Travis Etienne,2024,,,,,,121.2,,,,,,,,,,,,,,,,,,,,,,,,,14.8,-0.1
Travis Etienne,2025,,,,,,236.9,,,,,,,,,,,,,,,,,,,,,,,,,31.5,0.0
Travis Hunter,2025,,,,,,62.800000000000004,,,,,,,,,,,,,,,,,,,,,,,,,24.1,0.0
Travis Kelce,2021,,,,,,249.4,,,,,,,,,,,,,,,,,,,,,,,,,41.1,0.0
Travis Kelce,2022,,,,,,306.5,,,,,,,,,,,,,,,,,,,,,,,,,35.5,0.0
Travis Kelce,2023,,,,,,219.4,,,,,,,,,,,,,,,,,,,,,,,,,35.9,0.0
Travis Kelce,2024,,,,,,194.4,,,,,,,,,,,,,,,,,,,,,,,,,24.0,0.0
Travis Kelce,2025,,,,,,180.4,,,,,,,,,,,,,,,,,,,,,,,,,24.1,0.0
Tre Tucker,2023,,,,,,6.699999999999999,,,,,,,,,,,,,,,,,,,,,,,,,5.6,0.0
Tre Tucker,2024,,,,,,123.9,,,,,,,,,,,,,,,,,,,,,,,,,22.6,0.0
Tre Tucker,2025,,,,,,87.2,,,,,,,,,,,,,,,,,,,,,,,,,14.7,0.0
Tre' Harris,2025,,,,,,62.1,,,,,,,,,,,,,,,,,,,,,,,,,9.4,0.0
Tre' McKitty,2022,,,,,,0.0,,,,,,,,,,,,,,,,,,,,,,,,,0.0,0.0
Tre'Quan Smith,2021,,,,,,0.0,,,,,,,,,,,,,,,,,,,,,,,,,0.0,0.0
TreVeyon Henderson,2025,,,,,,180.7,,,,,,,,,,,,,,,,,,,,,,,,,32.3,0.0
Trestan Ebner,2022,,,,,,0.8,,,,,,,,,,,,,,,,,,,,,,,,,0.8,0.8
Trevor Etienne,2025,,,,,,10.7,,,,,,,,,,,,,,,,,,,,,,,,,3.9,-2.0
Trevor Lawrence,2021,,,,,,176.42,,,,,,,,,,,,,,,,,,,,,,,,,21.72,0.0
Trevor Lawrence,2022,,,,,,282.44,,,,,,,,,,,,,,,,,,,,,,,,,33.42,0.0
Trevor Lawrence,2023,,,,,,241.34,,,,,,,,,,,,,,,,,,,,,,,,,32.18,0.0
Trevor Lawrence,2024,,,,,,143.2,,,,,,,,,,,,,,,,,,,,,,,,,23.32,0.0
Trevor Lawrence,2025,,,,,,289.76,,,,,,,,,,,,,,,,,,,,,,,,,44.3,0.0
Trey Benson,2024,,,,,,46.0,,,,,,,,,,,,,,,,,,,,,,,,,12.5,0.0
Trey Benson,2025,,,,,,35.3,,,,,,,,,,,,,,,,,,,,,,,,,10.3,0.0
Trey Lance,2021,,,,,,64.92,,,,,,,,,,,,,,,,,,,,,,,,,20.38,0.0
Trey Lance,2022,,,,,,11.46,,,,,,,,,,,,,,,,,,,,,,,,,8.96,0.0
Trey Lance,2023,,,,,,0.0,,,,,,,,,,,,,,,,,,,,,,,,,0.0,0.0
Trey McBride,2022,,,,,,53.400000000000006,,,,,,,,,,,,,,,,,,,,,,,,,20.8,0.0
Trey McBride,2023,,,,,,168.1,,,,,,,,,,,,,,,,,,,,,,,,,25.5,0.0
Trey McBride,2024,,,,,,230.3,,,,,,,,,,,,,,,,,,,,,,,,,30.3,0.0
Trey McBride,2025,,,,,,278.8,,,,,,,,,,,,,,,,,,,,,,,,,37.4,0.0
Trey Palmer,2023,,,,,,49.0,,,,,,,,,,,,,,,,,,,,,,,,,16.4,1.5
Trey Palmer,2024,,,,,,10.2,,,,,,,,,,,,,,,,,,,,,,,,,5.3,0.0
Trey Sermon,2021,,,,,,28.3,,,,,,,,,,,,,,,,,,,,,,,,,11.4,0.0
Trey Sermon,2022,,,,,,0.0,,,,,,,,,,,,,,,,,,,,,,,,,0.0,0.0
Trey Sermon,2024,,,,,,21.2,,,,,,,,,,,,,,,,,,,,,,,,,18.3,2.9
Treylon Burks,2022,,,,,,88.2,,,,,,,,,,,,,,,,,,,,,,,,,18.1,0.0
Treylon Burks,2023,,,,,,39.9,,,,,,,,,,,,,,,,,,,,,,,,,10.6,0.0
Troy Franklin,2024,,,,,,63.9,,,,,,,,,,,,,,,,,,,,,,,,,11.6,0.0
Troy Franklin,2025,,,,,,171.4,,,,,,,,,,,,,,,,,,,,,,,,,26.9,0.0
Tua Tagovailoa,2021,,,,,,160.76,,,,,,,,,,,,,,,,,,,,,,,,,26.54,0.0
Tua Tagovailoa,2022,,,,,,225.92,,,,,,,,,,,,,,,,,,,,,,,,,38.86,0.0
Tua Tagovailoa,2023,,,,,,254.74,,,,,,,,,,,,,,,,,,,,,,,,,28.36,0.0
Tua Tagovailoa,2024,,,,,,176.57999999999998,,,,,,,,,,,,,,,,,,,,,,,,,28.48,0.0
Tua Tagovailoa,2025,,,,,,153.7,,,,,,,,,,,,,,,,,,,,,,,,,24.2,-4.4
Tucker Kraft,2023,,,,,,63.1,,,,,,,,,,,,,,,,,,,,,,,,,15.7,6.7
Tucker Kraft,2024,,,,,,155.70000000000002,,,,,,,,,,,,,,,,,,,,,,,,,24.8,0.0
Tucker Kraft,2025,,,,,,117.19999999999999,,,,,,,,,,,,,,,,,,,,,,,,,33.3,0.0
Tutu Atwell,2022,,,,,,1.6,,,,,,,,,,,,,,,,,,,,,,,,,1.6,1.6
Tutu Atwell,2023,,,,,,78.0,,,,,,,,,,,,,,,,,,,,,,,,,17.2,0.0
Tutu Atwell,2024,,,,,,15.3,,,,,,,,,,,,,,,,,,,,,,,,,12.5,2.8
Ty Chandler,2023,,,,,,69.4,,,,,,,,,,,,,,,,,,,,,,,,,24.7,0.0
Ty Chandler,2024,,,,,,27.7,,,,,,,,,,,,,,,,,,,,,,,,,8.2,0.0
Ty Johnson,2021,,,,,,116.1,,,,,,,,,,,,,,,,,,,,,,,,,19.6,0.0
Ty Johnson,2025,,,,,,18.6,,,,,,,,,,,,,,,,,,,,,,,,,14.0,4.6
Ty'Son Williams,2021,,,,,,30.9,,,,,,,,,,,,,,,,,,,,,,,,,18.4,0.0
Tyjae Spears,2023,,,,,,131.2,,,,,,,,,,,,,,,,,,,,,,,,,16.9,0.0
Tyjae Spears,2024,,,,,,112.6,,,,,,,,,,,,,,,,,,,,,,,,,27.2,0.0
Tyjae Spears,2025,,,,,,100.9,,,,,,,,,,,,,,,,,,,,,,,,,21.5,0.0
Tyler Allgeier,2022,,,,,,145.9,,,,,,,,,,,,,,,,,,,,,,,,,22.6,0.0
Tyler Allgeier,2023,,,,,,131.2,,,,,,,,,,,,,,,,,,,,,,,,,24.4,0.0
Tyler Allgeier,2024,,,,,,97.3,,,,,,,,,,,,,,,,,,,,,,,,,19.8,0.0
Tyler Allgeier,2025,,,,,,117.8,,,,,,,,,,,,,,,,,,,,,,,,,17.7,0.0
Tyler Boyd,2021,,,,,,182.84,,,,,,,,,,,,,,,,,,,,,,,,,20.8,0.0
Tyler Boyd,2022,,,,,,165.42000000000002,,,,,,,,,,,,,,,,,,,,,,,,,29.5,0.0
Tyler Boyd,2023,,,,,,136.2,,,,,,,,,,,,,,,,,,,,,,,,,19.7,0.0
Tyler Boyd,2024,,,,,,4.8,,,,,,,,,,,,,,,,,,,,,,,,,4.8,4.8
Tyler Conklin,2022,,,,,,48.2,,,,,,,,,,,,,,,,,,,,,,,,,25.9,0.0
Tyler Conklin,2023,,,,,,35.8,,,,,,,,,,,,,,,,,,,,,,,,,14.0,0.0
Tyler Conklin,2024,,,,,,7.300000000000001,,,,,,,,,,,,,,,,,,,,,,,,,5.7,1.6
Tyler Higbee,2021,,,,,,122.5,,,,,,,,,,,,,,,,,,,,,,,,,14.0,0.0
Tyler Higbee,2022,,,,,,144.7,,,,,,,,,,,,,,,,,,,,,,,,,30.4,0.0
Tyler Higbee,2023,,,,,,108.5,,,,,,,,,,,,,,,,,,,,,,,,,19.9,0.0
Tyler Huntley,2021,,,,,,11.28,,,,,,,,,,,,,,,,,,,,,,,,,11.28,11.28
Tyler Huntley,2022,,,,,,31.439999999999998,,,,,,,,,,,,,,,,,,,,,,,,,12.2,4.02
Tyler Huntley,2024,,,,,,9.48,,,,,,,,,,,,,,,,,,,,,,,,,9.48,9.48
Tyler Johnson,2021,,,,,,8.4,,,,,,,,,,,,,,,,,,,,,,,,,4.7,1.8
Tyler Johnson,2024,,,,,,9.0,,,,,,,,,,,,,,,,,,,,,,,,,5.0,4.0
Tyler Lockett,2021,,,,,,214.4,,,,,,,,,,,,,,,,,,,,,,,,,31.8,0.0
Tyler Lockett,2022,,,,,,221.9,,,,,,,,,,,,,,,,,,,,,,,,,27.8,0.0
Tyler Lockett,2023,,,,,,185.3,,,,,,,,,,,,,,,,,,,,,,,,,25.9,0.0
Tyler Lockett,2024,,,,,,116.2,,,,,,,,,,,,,,,,,,,,,,,,,16.5,0.0
Tyler Lockett,2025,,,,,,0.0,,,,,,,,,,,,,,,,,,,,,,,,,0.0,0.0
Tyler Shough,2025,,,,,,109.96000000000001,,,,,,,,,,,,,,,,,,,,,,,,,21.26,0.0
Tyler Warren,2025,,,,,,170.6,,,,,,,,,,,,,,,,,,,,,,,,,18.3,0.0
Tyquan Thornton,2022,,,,,,5.199999999999999,,,,,,,,,,,,,,,,,,,,,,,,,2.9,2.3
Tyquan Thornton,2024,,,,,,0.0,,,,,,,,,,,,,,,,,,,,,,,,,0.0,0.0
Tyquan Thornton,2025,,,,,,8.1,,,,,,,,,,,,,,,,,,,,,,,,,8.1,8.1
Tyreek Hill,2021,,,,,,294.3,,,,,,,,,,,,,,,,,,,,,,,,,47.6,0.0
Tyreek Hill,2022,,,,,,341.9,,,,,,,,,,,,,,,,,,,,,,,,,42.0,0.0
Tyreek Hill,2023,,,,,,355.2,,,,,,,,,,,,,,,,,,,,,,,,,44.5,0.0
Tyreek Hill,2024,,,,,,214.20000000000002,,,,,,,,,,,,,,,,,,,,,,,,,28.1,0.0
Tyreek Hill,2025,,,,,,53.5,,,,,,,,,,,,,,,,,,,,,,,,,16.9,0.0
Tyrell Williams,2021,,,,,,3.4,,,,,,,,,,,,,,,,,,,,,,,,,3.4,0.0
Tyrion Davis-Price,2022,,,,,,7.199999999999999,,,,,,,,,,,,,,,,,,,,,,,,,3.3,0.0
Tyrod Taylor,2023,,,,,,2.62,,,,,,,,,,,,,,,,,,,,,,,,,2.62,2.62
Tyrod Taylor,2025,,,,,,0.0,,,,,,,,,,,,,,,,,,,,,,,,,0.0,0.0
Tyrone Tracy,2024,,,,,,170.7,,,,,,,,,,,,,,,,,,,,,,,,,23.0,0.0
Tyrone Tracy,2025,,,,,,126.2,,,,,,,,,,,,,,,,,,,,,,,,,24.7,0.0
Van Jefferson,2021,,,,,,110.4,,,,,,,,,,,,,,,,,,,,,,,,,18.3,0.0
Van Jefferson,2022,,,,,,24.9,,,,,,,,,,,,,,,,,,,,,,,,,11.9,5.9
Wan'Dale Robinson,2022,,,,,,51.599999999999994,,,,,,,,,,,,,,,,,,,,,,,,,19.4,0.0
Wan'Dale Robinson,2023,,,,,,119.69999999999999,,,,,,,,,,,,,,,,,,,,,,,,,19.9,0.0
Wan'Dale Robinson,2024,,,,,,168.4,,,,,,,,,,,,,,,,,,,,,,,,,18.1,0.0
Wan'Dale Robinson,2025,,,,,,194.6,,,,,,,,,,,,,,,,,,,,,,,,,29.6,0.0
Will Dissly,2024,,,,,,34.7,,,,,,,,,,,,,,,,,,,,,,,,,18.0,0.0
Will Levis,2023,,,,,,99.02,,,,,,,,,,,,,,,,,,,,,,,,,26.62,-1.36
Will Levis,2024,,,,,,105.14,,,,,,,,,,,,,,,,,,,,,,,,,18.1,-4.44
Will Shipley,2025,,,,,,14.0,,,,,,,,,,,,,,,,,,,,,,,,,5.4,-0.7
William Fuller,2021,,,,,,8.6,,,,,,,,,,,,,,,,,,,,,,,,,7.0,0.0
Woody Marks,2025,,,,,,134.8,,,,,,,,,,,,,,,,,,,,,,,,,27.9,0.0
Xavier Hutchinson,2024,,,,,,0.0,,,,,,,,,,,,,,,,,,,,,,,,,0.0,0.0
Xavier Legette,2024,,,,,,119.10000000000001,,,,,,,,,,,,,,,,,,,,,,,,,19.6,0.0
Xavier Legette,2025,,,,,,81.8,,,,,,,,,,,,,,,,,,,,,,,,,24.2,0.0
Xavier Worthy,2024,,,,,,187.2,,,,,,,,,,,,,,,,,,,,,,,,,22.9,-1.0
Xavier Worthy,2025,,,,,,109.8,,,,,,,,,,,,,,,,,,,,,,,,,17.1,0.0
Zach Charbonnet,2023,,,,,,98.1,,,,,,,,,,,,,,,,,,,,,,,,,16.9,0.0
Zach Charbonnet,2024,,,,,,177.8,,,,,,,,,,,,,,,,,,,,,,,,,38.3,0.0
Zach Charbonnet,2025,,,,,,136.5,,,,,,,,,,,,,,,,,,,,,,,,,19.5,0.0
Zach Ertz,2021,,,,,,129.3,,,,,,,,,,,,,,,,,,,,,,,,,28.8,0.0
Zach Ertz,2022,,,,,,115.60000000000001,,,,,,,,,,,,,,,,,,,,,,,,,16.7,0.0
Zach Ertz,2023,,,,,,32.0,,,,,,,,,,,,,,,,,,,,,,,,,11.3,0.0
Zach Ertz,2024,,,,,,121.5,,,,,,,,,,,,,,,,,,,,,,,,,25.2,0.0
Zach Ertz,2025,,,,,,125.39999999999999,,,,,,,,,,,,,,,,,,,,,,,,,20.6,0.0
Zach Evans,2023,,,,,,0.6,,,,,,,,,,,,,,,,,,,,,,,,,0.6,0.0
Zach Wilson,2021,,,,,,138.98,,,,,,,,,,,,,,,,,,,,,,,,,23.18,0.0
Zach Wilson,2022,,,,,,98.92,,,,,,,,,,,,,,,,,,,,,,,,,19.38,0.0
Zach Wilson,2023,,,,,,54.519999999999996,,,,,,,,,,,,,,,,,,,,,,,,,12.92,-0.96
Zack Moss,2021,,,,,,100.8,,,,,,,,,,,,,,,,,,,,,,,,,18.1,0.0
Zack Moss,2022,,,,,,15.4,,,,,,,,,,,,,,,,,,,,,,,,,8.0,7.4
Zack Moss,2023,,,,,,166.6,,,,,,,,,,,,,,,,,,,,,,,,,33.5,0.0
Zack Moss,2024,,,,,,80.9,,,,,,,,,,,,,,,,,,,,,,,,,20.7,0.0
Zamir White,2022,,,,,,6.6000000000000005,,,,,,,,,,,,,,,,,,,,,,,,,2.8,-0.7
Zamir White,2023,,,,,,60.8,,,,,,,,,,,,,,,,,,,,,,,,,17.5,-0.2
Zamir White,2024,,,,,,29.3,,,,,,,,,,,,,,,,,,,,,,,,,7.0,-0.1
Zay Flowers,2023,,,,,,206.4,,,,,,,,,,,,,,,,,,,,,,,,,23.2,0.0
Zay Flowers,2024,,,,,,206.4,,,,,,,,,,,,,,,,,,,,,,,,,29.7,0.0
Zay Flowers,2025,,,,,,200.5,,,,,,,,,,,,,,,,,,,,,,,,,28.1,0.0
Zay Jones,2022,,,,,,124.6,,,,,,,,,,,,,,,,,,,,,,,,,34.9,0.0
Zay Jones,2023,,,,,,30.1,,,,,,,,,,,,,,,,,,,,,,,,,11.3,0.0
Zonovan Knight,2022,,,,,,43.5,,,,,,,,,,,,,,,,,,,,,,,,,16.8,2.3
Zonovan Knight,2025,,,,,,39.0,,,,,,,,,,,,,,,,,,,,,,,,,12.4,-0.2
