Year,Number,Player Picked,Team,Original Team,Number of starts before next transaction,Number of trades,Commissioner moved?,Avg PPG on team,Avg PPG on team adjusted by position,Pick-adjusted Difference in Avg PPG on team adjusted by position,Avg career PPG,Avg career PPG adjusted by position,Pick-adjusted Difference in Avg career PPG adjusted by position,Player addition value,Pick-adjusted Difference in Player addition value,% of starts made while rostered by drafting team,Points added,Avg points added,Avg points added adjusted by position,Pick-adjusted Difference in Avg points added adjusted by position,O-Score,Age when drafted,Cuff when drafted?,Injury adjusted % of starts made while rostered by drafting team,KTC on draft day,Pick-adjusted Difference in KTC on draft day,KTC at end of rookie year,Pick-adjusted Difference in KTC at end of rookie year,KTC 1 year after draft day,Pick-adjusted Difference in KTC 1 year after draft day,KTC 2 years after draft day,Pick-adjusted Difference in KTC 2 years after draft day,KTC 3 years after draft day,Pick-adjusted Difference in KTC 3 years after draft day,KTC 4 years after draft day,Pick-adjusted Difference in KTC 4 years after draft day,Length of tenure on team,Weeks before first start,Link to next transaction,Link to previous transaction
2021 (vet),1.01,AJ Dillon,stevenb123,stevenb123,0,0,False,6.61,6.63,-1.7657,8.69,8.71,-0.2487,6.63,-8.3483,0.0,0.0,0.0,0.0,-5.8987,N/A,23.32,False,0.0,N/A,N/A,N/A,N/A,N/A,N/A,N/A,N/A,N/A,N/A,N/A,N/A,60.0,N/A,T#327,N/A
2021 (vet),1.02,Marquise Brown,JacobRosenzweig,JacobRosenzweig,19,0,False,13.62,14.36,7.0686,10.98,11.58,2.98,38.7428,28.3521,0.5588,251.2,13.22,13.94,9.7837,N/A,24.23,False,0.7308,N/A,N/A,N/A,N/A,N/A,N/A,N/A,N/A,N/A,N/A,N/A,N/A,723.0,6,T#106,N/A
2021 (vet),1.03,Damien Harris,AceMatthew,AceMatthew,0,0,False,N/A,N/A,N/A,9.84,9.86,1.045,N/A,N/A,N/A,0.0,0.0,0.0,-5.8987,N/A,24.54,False,N/A,N/A,N/A,N/A,N/A,N/A,N/A,N/A,N/A,N/A,N/A,N/A,N/A,1.0,N/A,T#5,N/A
2021 (vet),1.04,Mike Gesicki,BROsenzweig,BROsenzweig,9,0,False,9.09,10.92,3.1371,7.07,8.49,-0.4962,23.3343,10.7424,0.45,99.9,11.1,13.34,9.1088,N/A,25.9,False,0.4737,N/A,N/A,N/A,N/A,N/A,N/A,N/A,N/A,N/A,N/A,N/A,N/A,395.0,3,T#53,N/A
2021 (vet),1.05,Michael Gallup,plehv79,plehv79,3,0,False,10.17,10.72,2.9086,7.54,7.95,-1.1038,16.8157,3.2925,0.1765,24.5,8.17,8.61,3.7875,N/A,25.48,False,0.3333,N/A,N/A,N/A,N/A,N/A,N/A,N/A,N/A,N/A,N/A,N/A,N/A,334.0,13,T#262,N/A
2021 (vet),1.06,Gus Edwards,LWebs53,LWebs53,0,0,False,0.0,0.0,-9.4543,7.99,8.01,-0.8738,0.0,-16.1691,0.0,0.0,0.0,0.0,-6.69,N/A,26.38,False,N/A,N/A,N/A,N/A,N/A,N/A,N/A,N/A,N/A,N/A,N/A,N/A,N/A,80.0,N/A,T#140,N/A
2021 (vet),1.07,Tyler Higbee,Oliverwkw,Oliverwkw,7,0,False,8.33,10.01,3.6671,8.33,10.01,1.31,13.195,3.3081,0.1373,65.8,9.4,11.3,6.6188,N/A,28.65,False,0.1591,N/A,N/A,N/A,N/A,N/A,N/A,N/A,N/A,N/A,N/A,N/A,N/A,1766.0,5,#944,N/A
2021 (vet),1.08,Melvin Gordon,shmuel256,shmuel256,0,0,False,12.73,12.76,5.5213,9.97,9.99,1.02,12.76,-1.3256,0.0,0.0,0.0,0.0,-7.9588,N/A,28.38,False,0.0,N/A,N/A,N/A,N/A,N/A,N/A,N/A,N/A,N/A,N/A,N/A,N/A,76.0,N/A,T#49,N/A
2021 (vet),2.01,Irv Smith,shmuel256,shmuel256,0,0,False,0.0,0.0,-8.7875,4.81,5.78,-3.9737,0.0,-15.6068,0.0,0.0,0.0,0.0,-7.7413,N/A,23.05,False,N/A,N/A,N/A,N/A,N/A,N/A,N/A,N/A,N/A,N/A,N/A,N/A,N/A,56.0,N/A,T#138,N/A
2021 (vet),2.02,Marquez Callaway,Oliverwkw,Oliverwkw,1,0,False,7.02,7.41,-0.0429,7.02,7.41,-2.8038,8.3362,-5.907,0.0588,6.0,6.0,6.33,0.4562,N/A,23.42,False,0.0625,N/A,N/A,N/A,N/A,N/A,N/A,N/A,N/A,N/A,N/A,N/A,N/A,1766.0,7,#867,N/A
2021 (vet),2.03,Jordan Love,LWebs53,LWebs53,1,0,False,3.08,2.59,-7.11,14.39,12.11,2.1212,7.9624,-8.9596,0.0294,10.9,10.9,9.17,2.2012,N/A,22.82,True,0.1111,N/A,N/A,N/A,N/A,N/A,N/A,N/A,N/A,N/A,N/A,N/A,N/A,688.0,8,T#58,N/A
2021 (vet),2.04,Mike Williams,plehv79,plehv79,10,0,False,15.41,16.26,9.1043,11.38,12.0,2.515,43.0412,32.1769,0.5882,141.5,14.15,14.92,10.0825,N/A,26.9,False,0.6667,N/A,N/A,N/A,N/A,N/A,N/A,N/A,N/A,N/A,N/A,N/A,N/A,334.0,1,T#262,N/A
2021 (vet),2.05,Matt Ryan,BROsenzweig,BROsenzweig,11,0,False,12.54,10.55,2.7857,12.54,10.55,0.7188,22.7437,9.1869,0.4583,151.7,13.79,11.6,6.3475,N/A,36.28,False,0.4783,N/A,N/A,N/A,N/A,N/A,N/A,N/A,N/A,N/A,N/A,N/A,N/A,1766.0,0,#190,N/A
2021 (vet),2.06,Jakobi Meyers,AceMatthew,AceMatthew,0,0,False,N/A,N/A,N/A,12.57,13.26,2.9375,N/A,N/A,N/A,0.0,0.0,0.0,-6.7025,N/A,24.8,False,N/A,N/A,N/A,N/A,N/A,N/A,N/A,N/A,N/A,N/A,N/A,N/A,N/A,1.0,N/A,T#5,N/A
2021 (vet),2.07,Sam Darnold,JacobRosenzweig,JacobRosenzweig,4,0,False,12.97,10.91,1.4243,12.97,10.91,0.0175,18.3778,1.6238,0.2353,55.18,13.79,11.6,5.8825,N/A,24.23,False,0.3636,N/A,N/A,N/A,N/A,N/A,N/A,N/A,N/A,N/A,N/A,N/A,N/A,1766.0,3,#365,N/A
2021 (vet),2.08,Sony Michel,stevenb123,stevenb123,0,0,False,5.85,5.87,-4.9614,5.85,5.87,-5.01,5.87,-12.8402,0.0,0.0,0.0,0.0,-6.8913,N/A,26.53,False,0.0,N/A,N/A,N/A,N/A,N/A,N/A,N/A,N/A,N/A,N/A,N/A,N/A,1766.0,N/A,#1309,N/A
2021 (vet),3.01,Russell Gage,stevenb123,stevenb123,0,0,False,10.73,11.31,1.3986,10.73,11.31,0.9838,11.31,-6.698,0.0,0.0,0.0,0.0,-6.9138,N/A,25.6,False,0.0,N/A,N/A,N/A,N/A,N/A,N/A,N/A,N/A,N/A,N/A,N/A,N/A,1766.0,N/A,#1312,N/A
2021 (vet),3.02,Tony Pollard,JacobRosenzweig,JacobRosenzweig,0,0,False,10.18,10.2,0.21,12.39,12.42,2.9663,10.2,-7.2037,0.0,0.0,0.0,0.0,-5.4638,N/A,24.33,False,0.0,N/A,N/A,N/A,N/A,N/A,N/A,N/A,N/A,N/A,N/A,N/A,N/A,388.0,N/A,T#103,N/A
2021 (vet),3.03,Jameis Winston,AceMatthew,AceMatthew,7,0,False,11.44,9.62,0.6843,11.44,9.62,1.22,16.1506,1.7932,0.1892,83.64,11.95,10.05,5.8425,N/A,27.64,False,0.4118,N/A,N/A,N/A,N/A,N/A,N/A,N/A,N/A,N/A,N/A,N/A,N/A,1766.0,0,#65,N/A
2021 (vet),3.04,Mecole Hardman,BROsenzweig,BROsenzweig,4,0,False,6.61,6.97,-1.2929,6.61,6.97,-0.8412,9.1481,-4.0914,0.125,26.4,6.6,6.96,3.8163,N/A,23.46,False,0.1667,N/A,N/A,N/A,N/A,N/A,N/A,N/A,N/A,N/A,N/A,N/A,N/A,1766.0,6,#206,N/A
2021 (vet),3.05,Kirk Cousins,plehv79,plehv79,11,0,False,18.15,15.26,7.98,15.46,13.01,6.3338,43.5658,34.8344,0.6471,197.54,17.96,15.1,12.9737,N/A,33.02,False,0.7333,N/A,N/A,N/A,N/A,N/A,N/A,N/A,N/A,N/A,N/A,N/A,N/A,321.0,0,T#144,N/A
2021 (vet),3.06,Adam Trautman,LWebs53,LWebs53,0,0,False,N/A,N/A,N/A,3.9,4.68,-1.5938,N/A,N/A,N/A,0.0,0.0,0.0,-4.0137,N/A,24.56,False,N/A,N/A,N/A,N/A,N/A,N/A,N/A,N/A,N/A,N/A,N/A,N/A,N/A,1766.0,N/A,#471,N/A
2021 (vet),3.07,DeeJay Dallas,Oliverwkw,Oliverwkw,0,0,False,2.03,2.03,-5.002,2.03,2.03,-4.775,2.03,-12.4049,0.0,0.0,0.0,0.0,-4.0137,N/A,22.95,False,0.0,N/A,N/A,N/A,N/A,N/A,N/A,N/A,N/A,N/A,N/A,N/A,N/A,1766.0,N/A,#844,N/A
2021 (vet),3.08,Phillip Lindsay,shmuel256,shmuel256,0,0,False,3.54,3.55,-2.614,3.54,3.55,-2.7125,3.55,-8.7108,0.0,0.0,0.0,0.0,-2.7575,N/A,27.1,False,0.0,N/A,N/A,N/A,N/A,N/A,N/A,N/A,N/A,N/A,N/A,N/A,N/A,1766.0,N/A,#1154,N/A
2021 (vet),4.01,Denzel Mims,shmuel256,shmuel256,0,0,False,N/A,N/A,N/A,2.68,2.83,-3.9038,N/A,N/A,N/A,0.0,0.0,0.0,-2.8862,N/A,23.88,False,N/A,N/A,N/A,N/A,N/A,N/A,N/A,N/A,N/A,N/A,N/A,N/A,N/A,1.0,N/A,T#324,N/A
2021 (vet),4.02,Ryan Fitzpatrick,Oliverwkw,Oliverwkw,0,0,False,-0.28,-0.24,-5.974,-0.28,-0.24,-6.515,-0.24,-6.8497,0.0,0.0,0.0,0.0,-0.9988,N/A,38.76,False,0.0,N/A,N/A,N/A,N/A,N/A,N/A,N/A,N/A,N/A,N/A,N/A,N/A,1766.0,N/A,#841,N/A
2021 (vet),4.03,Jared Goff,LWebs53,LWebs53,0,0,False,N/A,N/A,N/A,16.67,14.02,10.1125,N/A,N/A,N/A,0.0,0.0,0.0,-0.9988,N/A,26.87,False,N/A,N/A,N/A,N/A,N/A,N/A,N/A,N/A,N/A,N/A,N/A,N/A,N/A,1766.0,N/A,#352,N/A
2021 (vet),4.04,Sterling Shepard,plehv79,plehv79,0,0,False,6.45,6.8,2.88,6.45,6.8,1.685,6.8,2.0043,0.0,0.0,0.0,0.0,-0.9988,N/A,28.54,False,0.0,N/A,N/A,N/A,N/A,N/A,N/A,N/A,N/A,N/A,N/A,N/A,N/A,1766.0,N/A,#1009,N/A
2021 (vet),4.05,Cam Newton,BROsenzweig,BROsenzweig,2,0,False,11.91,10.02,6.744,11.91,10.02,5.3075,14.3985,11.1225,0.1176,19.0,9.5,7.99,7.99,N/A,32.3,False,0.2857,N/A,N/A,N/A,N/A,N/A,N/A,N/A,N/A,N/A,N/A,N/A,N/A,1766.0,11,#181,N/A
2021 (vet),4.06,Parris Campbell,AceMatthew,AceMatthew,0,0,False,5.94,6.27,2.244,5.94,6.27,1.0888,6.27,1.3683,0.0,0.0,0.0,0.0,-0.9988,N/A,24.12,False,0.0,N/A,N/A,N/A,N/A,N/A,N/A,N/A,N/A,N/A,N/A,N/A,N/A,1766.0,N/A,#35,N/A
2021 (vet),4.07,Josh Doctson,JacobRosenzweig,JacobRosenzweig,0,0,False,0.0,0.0,-5.28,0.0,0.0,-5.965,0.0,-6.1557,0.0,0.0,0.0,0.0,-0.9988,N/A,28.73,False,N/A,N/A,N/A,N/A,N/A,N/A,N/A,N/A,N/A,N/A,N/A,N/A,N/A,1766.0,N/A,#359,N/A
2021 (vet),4.08,Anthony Firkser,stevenb123,stevenb123,0,0,False,N/A,N/A,N/A,3.72,4.47,-0.9362,N/A,N/A,N/A,0.0,0.0,0.0,-0.9988,N/A,26.52,False,N/A,N/A,N/A,N/A,N/A,N/A,N/A,N/A,N/A,N/A,N/A,N/A,N/A,1766.0,N/A,#1307,N/A
2021,1.01,Najee Harris,stevenb123,stevenb123,44,0,False,13.46,13.49,0.507,12.9,12.93,-0.421,44.0879,8.2446,0.7857,591.5,13.44,13.48,0.908,N/A,23.47,False,0.8302,N/A,N/A,N/A,N/A,N/A,N/A,N/A,N/A,N/A,N/A,N/A,N/A,1138.0,0,T#180,N/A
2021,1.02,Kyle Pitts,stevenb123,JacobRosenzweig,38,1,False,9.38,11.27,-2.6227,9.38,11.27,-2.9233,24.6829,-13.2059,0.4471,345.3,9.09,10.92,-2.982,N/A,20.89,False,0.5135,N/A,N/A,N/A,N/A,N/A,N/A,N/A,N/A,N/A,N/A,N/A,N/A,1766.0,0,N/A,T#414
2021,1.03,Trevor Lawrence,AceMatthew,AceMatthew,19,0,False,15.07,12.67,-0.9807,16.05,13.5,-0.2307,24.4203,-10.9152,0.3725,331.32,17.44,14.67,1.526,N/A,21.89,False,0.4043,N/A,N/A,N/A,N/A,N/A,N/A,N/A,N/A,N/A,N/A,N/A,N/A,989.0,4,T#22,N/A
2021,1.04,Ja'Marr Chase,BROsenzweig,BROsenzweig,71,0,False,19.41,20.47,6.9213,19.41,20.47,6.6053,73.593,38.5583,0.8353,1385.22,19.51,20.58,6.356,N/A,21.49,False,0.9589,N/A,N/A,N/A,N/A,N/A,N/A,N/A,N/A,N/A,N/A,N/A,N/A,1766.0,3,N/A,N/A
2021,1.05,Javonte Williams,shmuel256,plehv79,8,1,False,11.71,11.74,-0.1135,11.72,11.75,-0.5395,22.1529,-7.2198,0.3478,119.0,14.88,14.91,3.8665,N/A,21.34,False,0.4,N/A,N/A,N/A,N/A,N/A,N/A,N/A,N/A,N/A,N/A,N/A,N/A,421.0,7,T#267,T#321
2021,1.06,Travis Etienne,AceMatthew,LWebs53,38,1,False,13.38,13.42,1.4098,13.38,13.42,0.8987,31.3218,3.0275,0.4471,564.1,14.84,14.88,1.983,N/A,22.59,False,0.6129,N/A,N/A,N/A,N/A,N/A,N/A,N/A,N/A,N/A,N/A,N/A,N/A,1766.0,17,N/A,T#4
2021,1.07,Jaylen Waddle,Oliverwkw,Oliverwkw,9,0,False,15.42,16.27,5.2402,13.27,13.99,2.9535,39.8136,13.3058,0.5294,166.1,18.46,19.46,10.1022,N/A,22.76,False,0.6,N/A,N/A,N/A,N/A,N/A,N/A,N/A,N/A,N/A,N/A,N/A,N/A,307.0,4,T#143,N/A
2021,1.08,Trey Lance,shmuel256,shmuel256,3,0,False,9.56,8.04,-2.4144,6.42,5.4,-5.9307,12.0304,-12.6732,0.0882,30.52,10.17,8.56,-1.1345,N/A,21.3,False,0.375,N/A,N/A,N/A,N/A,N/A,N/A,N/A,N/A,N/A,N/A,N/A,N/A,635.0,16,T#212,N/A
2021,2.01,Justin Fields,LWebs53,stevenb123,0,1,False,5.81,4.88,-5.1406,14.75,12.41,1.7665,4.88,-15.7264,0.0,0.0,0.0,0.0,-8.8063,N/A,22.48,False,0.0,N/A,N/A,N/A,N/A,N/A,N/A,N/A,N/A,N/A,N/A,N/A,N/A,56.0,N/A,T#138,T#136
2021,2.02,Zach Wilson,JacobRosenzweig,JacobRosenzweig,4,0,False,9.62,8.09,-2.4544,9.62,8.09,-3.458,10.764,-11.6709,0.1176,59.92,14.98,12.6,2.1167,N/A,22.07,False,0.1905,N/A,N/A,N/A,N/A,N/A,N/A,N/A,N/A,N/A,N/A,N/A,N/A,1766.0,13,#375,N/A
2021,2.03,DeVonta Smith,AceMatthew,AceMatthew,40,0,False,13.57,14.31,3.9622,13.37,14.1,3.9412,46.8115,25.0684,0.7843,518.9,12.97,13.68,2.0615,N/A,22.79,False,0.8333,N/A,N/A,N/A,N/A,N/A,N/A,N/A,N/A,N/A,N/A,N/A,N/A,989.0,1,T#22,N/A
2021,2.04,Trey Sermon,BROsenzweig,BROsenzweig,1,0,False,3.07,3.08,-6.5832,3.07,3.08,-6.2938,3.234,-19.299,0.05,0.0,0.0,0.0,-9.757,N/A,22.58,False,0.0,N/A,N/A,N/A,N/A,N/A,N/A,N/A,N/A,N/A,N/A,N/A,N/A,1766.0,8,#186,N/A
2021,2.05,Elijah Moore,plehv79,plehv79,0,0,False,N/A,N/A,N/A,7.43,7.84,-0.28,N/A,N/A,N/A,0.0,0.0,0.0,-6.8465,N/A,21.42,False,N/A,N/A,N/A,N/A,N/A,N/A,N/A,N/A,N/A,N/A,N/A,N/A,N/A,1.0,N/A,T#259,N/A
2021,2.06,Rashod Bateman,AceMatthew,LWebs53,8,1,False,6.9,7.28,-0.6837,7.55,7.97,-0.2475,10.5275,-3.044,0.1569,74.3,9.29,9.8,3.7208,N/A,21.75,False,0.25,N/A,N/A,N/A,N/A,N/A,N/A,N/A,N/A,N/A,N/A,N/A,N/A,1037.0,8,T#26,T#4
2021,2.07,Kadarius Toney,Oliverwkw,Oliverwkw,2,0,False,7.78,8.2,-0.4741,5.75,6.06,-2.7399,10.0177,-3.1673,0.069,11.0,5.5,5.8,-0.3481,N/A,22.58,False,0.1429,N/A,N/A,N/A,N/A,N/A,N/A,N/A,N/A,N/A,N/A,N/A,N/A,459.0,10,T#209,N/A
2021,2.08,Michael Carter,LWebs53,shmuel256,0,1,False,10.05,10.08,0.978,7.77,7.79,-0.2542,10.08,-5.1664,0.0,0.0,0.0,0.0,-6.2521,N/A,22.31,False,0.0,N/A,N/A,N/A,N/A,N/A,N/A,N/A,N/A,N/A,N/A,N/A,N/A,56.0,N/A,T#138,T#137
2021,3.01,Mac Jones,stevenb123,stevenb123,0,0,False,13.11,11.03,1.3163,11.3,9.5,1.2739,11.03,-6.1563,0.0,0.0,0.0,0.0,-6.4966,N/A,22.98,False,0.0,N/A,N/A,N/A,N/A,N/A,N/A,N/A,N/A,N/A,N/A,N/A,N/A,282.0,N/A,T#331,N/A
2021,3.02,Pat Freiermuth,JacobRosenzweig,JacobRosenzweig,11,0,False,8.8,10.57,1.2194,8.8,10.57,2.0055,13.841,-5.1075,0.1294,102.4,9.31,11.19,4.7982,N/A,22.84,False,0.1594,N/A,N/A,N/A,N/A,N/A,N/A,N/A,N/A,N/A,N/A,N/A,N/A,1766.0,7,N/A,N/A
2021,3.03,Amon-Ra St. Brown,shmuel256,AceMatthew,63,1,False,17.95,18.93,10.7669,17.95,18.93,11.2907,59.9281,46.1486,0.7412,1208.28,19.18,20.23,14.5348,N/A,21.85,False,0.8182,N/A,N/A,N/A,N/A,N/A,N/A,N/A,N/A,N/A,N/A,N/A,N/A,1766.0,15,N/A,T#319
2021,3.04,Terrace Marshall,BROsenzweig,BROsenzweig,1,0,False,4.03,4.25,-2.2225,4.03,4.25,-2.435,4.3649,-7.1345,0.027,0.0,0.0,0.0,-3.639,N/A,21.22,False,0.0,N/A,N/A,N/A,N/A,N/A,N/A,N/A,N/A,N/A,N/A,N/A,N/A,1766.0,11,#214,N/A
2021,3.05,Amari Rodgers,plehv79,plehv79,0,0,False,N/A,N/A,N/A,1.57,1.66,-3.8835,N/A,N/A,N/A,0.0,0.0,0.0,-2.2815,N/A,21.93,False,N/A,N/A,N/A,N/A,N/A,N/A,N/A,N/A,N/A,N/A,N/A,N/A,N/A,1.0,N/A,T#259,N/A
2021,3.06,Rhamondre Stevenson,shmuel256,LWebs53,16,1,False,12.05,12.08,6.5548,12.26,12.29,6.8022,25.5538,17.0363,0.4103,237.0,14.81,14.85,12.3908,N/A,23.51,False,0.5,N/A,N/A,N/A,N/A,N/A,N/A,N/A,N/A,N/A,N/A,N/A,N/A,776.0,9,T#160,T#323
2021,3.07,Chuba Hubbard,Oliverwkw,Oliverwkw,22,0,False,10.38,10.41,4.3475,10.19,10.22,4.4517,24.563,15.9188,0.3492,326.6,14.85,14.88,12.0938,N/A,22.21,True,0.3929,N/A,N/A,N/A,N/A,N/A,N/A,N/A,N/A,N/A,N/A,N/A,N/A,1540.0,3,#872,N/A
2021,3.08,Kenneth Gainwell,shmuel256,shmuel256,0,0,False,8.51,8.53,1.8252,7.18,7.2,0.7405,8.53,-0.4452,0.0,0.0,0.0,0.0,-4.3682,N/A,22.46,False,0.0,N/A,N/A,N/A,N/A,N/A,N/A,N/A,N/A,N/A,N/A,N/A,N/A,60.0,N/A,T#327,N/A
2021,4.01,Rondale Moore,JacobRosenzweig,stevenb123,2,1,False,7.76,8.18,0.1965,7.76,8.18,0.4515,8.8638,-1.5312,0.0294,17.8,8.9,9.39,3.3023,N/A,21.22,False,0.0526,N/A,N/A,N/A,N/A,N/A,N/A,N/A,N/A,N/A,N/A,N/A,N/A,1766.0,26,#394,T#101
2021,4.02,Elijah Mitchell,JacobRosenzweig,JacobRosenzweig,2,0,False,11.67,11.7,3.4239,9.0,9.02,0.9285,13.8375,2.5379,0.0513,30.3,15.15,15.19,9.237,N/A,23.32,False,0.125,N/A,N/A,N/A,N/A,N/A,N/A,N/A,N/A,N/A,N/A,N/A,N/A,772.0,8,T#108,N/A
2021,4.03,Dyami Brown,AceMatthew,AceMatthew,0,0,False,N/A,N/A,N/A,3.98,4.2,-2.984,N/A,N/A,N/A,0.0,0.0,0.0,-4.6727,N/A,21.82,False,N/A,N/A,N/A,N/A,N/A,N/A,N/A,N/A,N/A,N/A,N/A,N/A,N/A,1.0,N/A,T#5,N/A
2021,4.04,Brevin Jordan,BROsenzweig,BROsenzweig,0,0,False,4.86,5.85,1.013,4.86,5.85,0.1262,5.85,-0.6716,0.0,0.0,0.0,0.0,-1.4903,N/A,21.12,False,0.0,N/A,N/A,N/A,N/A,N/A,N/A,N/A,N/A,N/A,N/A,N/A,N/A,1766.0,N/A,#194,N/A
2021,4.05,Nico Collins,plehv79,plehv79,0,0,False,N/A,N/A,N/A,13.45,14.19,9.0912,N/A,N/A,N/A,0.0,0.0,0.0,-2.551,N/A,22.44,False,N/A,N/A,N/A,N/A,N/A,N/A,N/A,N/A,N/A,N/A,N/A,N/A,N/A,1.0,N/A,T#259,N/A
2021,4.06,Dee Eskridge,AceMatthew,LWebs53,0,1,False,1.63,1.72,-2.9853,1.63,1.72,-5.0295,1.72,-3.6613,0.0,0.0,0.0,0.0,-2.4778,N/A,24.43,False,0.0,N/A,N/A,N/A,N/A,N/A,N/A,N/A,N/A,N/A,N/A,N/A,N/A,1766.0,N/A,#37,T#4
2021,4.07,Jaret Patterson,Oliverwkw,Oliverwkw,0,0,False,3.68,3.69,-1.2619,3.68,3.69,-2.3211,3.69,-1.6573,0.0,0.0,0.0,0.0,-3.6126,N/A,21.68,False,0.0,N/A,N/A,N/A,N/A,N/A,N/A,N/A,N/A,N/A,N/A,N/A,N/A,1766.0,N/A,#871,N/A
2021,4.08,Kyle Trask,AceMatthew,shmuel256,0,1,False,0.1,0.09,-4.8619,0.1,0.09,-5.9211,0.09,-5.2573,0.0,0.0,0.0,0.0,-3.6126,N/A,23.48,False,N/A,N/A,N/A,N/A,N/A,N/A,N/A,N/A,N/A,N/A,N/A,N/A,N/A,1766.0,N/A,#41,T#3
2022,1.01,Breece Hall,JacobRosenzweig,JacobRosenzweig,50,0,False,15.16,15.34,2.357,15.16,15.34,1.989,51.267,15.4237,0.7353,748.66,14.97,15.16,2.588,N/A,21.24,False,0.9259,N/A,N/A,N/A,N/A,N/A,N/A,N/A,N/A,N/A,N/A,N/A,N/A,1401.0,2,N/A,N/A
2022,1.02,Drake London,AceMatthew,AceMatthew,8,0,False,10.89,11.3,-2.5927,13.48,13.99,-0.2033,19.888,-18.0008,0.32,56.4,7.05,7.32,-6.582,N/A,21.1,False,0.3333,N/A,N/A,N/A,N/A,N/A,N/A,N/A,N/A,N/A,N/A,N/A,N/A,434.0,3,T#21,N/A
2022,1.03,Kenneth Walker,BROsenzweig,BROsenzweig,41,0,False,13.89,14.05,0.3993,13.89,14.05,0.3193,39.3099,3.9744,0.6029,554.0,13.51,13.68,0.536,N/A,21.85,False,0.7455,N/A,N/A,N/A,N/A,N/A,N/A,N/A,N/A,N/A,N/A,N/A,N/A,1401.0,5,N/A,N/A
2022,1.04,Treylon Burks,Oliverwkw,shmuel256,3,2,False,7.4,7.68,-5.8687,5.17,5.36,-8.5047,10.4448,-24.5899,0.12,24.8,8.27,8.58,-5.644,N/A,22.43,False,0.2143,N/A,N/A,N/A,N/A,N/A,N/A,N/A,N/A,N/A,N/A,N/A,N/A,429.0,12,T#219,T#205
2022,1.05,Jameson Williams,stevenb123,Oliverwkw,3,1,False,7.62,7.91,-3.9435,10.55,10.95,-1.3395,9.6628,-19.7099,0.075,34.9,11.63,12.07,1.0265,N/A,21.42,False,0.1364,N/A,N/A,N/A,N/A,N/A,N/A,N/A,N/A,N/A,N/A,N/A,N/A,781.0,36,T#239,T#426
2022,1.06,Garrett Wilson,stevenb123,plehv79,44,1,False,13.42,13.93,1.9198,13.42,13.93,1.4087,41.2984,13.0041,0.6471,610.7,13.88,14.4,1.503,N/A,22.1,False,0.8,N/A,N/A,N/A,N/A,N/A,N/A,N/A,N/A,N/A,N/A,N/A,N/A,1401.0,12,N/A,T#428
2022,1.07,Chris Olave,AceMatthew,LWebs53,22,1,False,13.89,14.41,3.3803,14.09,14.62,3.5835,41.7393,15.2315,0.6471,297.8,13.54,14.05,4.6922,N/A,22.17,False,0.7586,N/A,N/A,N/A,N/A,N/A,N/A,N/A,N/A,N/A,N/A,N/A,N/A,624.0,3,T#22,T#4
2022,1.08,Skyy Moore,shmuel256,stevenb123,0,1,False,3.41,3.54,-6.9144,2.44,2.53,-8.8008,3.54,-21.1636,0.0,0.0,0.0,0.0,-9.6945,N/A,21.96,False,0.0,N/A,N/A,N/A,N/A,N/A,N/A,N/A,N/A,N/A,N/A,N/A,N/A,94.0,N/A,T#272,T#327
2022,2.01,George Pickens,plehv79,JacobRosenzweig,2,2,False,9.95,10.32,0.2994,12.75,13.23,2.5865,19.2291,-1.3773,0.1667,36.4,18.2,18.88,10.0737,N/A,21.48,True,0.1818,N/A,N/A,N/A,N/A,N/A,N/A,N/A,N/A,N/A,N/A,N/A,N/A,94.0,6,T#272,T#263
2022,2.02,James Cook,shmuel256,AceMatthew,37,3,False,13.55,13.71,3.1656,13.55,13.71,2.162,33.6029,11.168,0.5441,598.1,16.16,16.36,5.8767,N/A,22.92,False,0.5873,N/A,N/A,N/A,N/A,N/A,N/A,N/A,N/A,N/A,N/A,N/A,N/A,1401.0,16,N/A,T#332
2022,2.03,Kenny Pickett,BROsenzweig,BROsenzweig,3,0,False,10.22,8.37,-1.9778,7.55,6.18,-3.9788,10.2471,-11.496,0.0882,36.6,12.2,9.98,-1.6385,N/A,24.23,False,0.125,N/A,N/A,N/A,N/A,N/A,N/A,N/A,N/A,N/A,N/A,N/A,N/A,708.0,10,T#78,N/A
2022,2.04,Dameon Pierce,shmuel256,shmuel256,6,0,False,8.52,8.63,-1.0332,6.43,6.51,-2.8638,12.4959,-10.0371,0.1765,79.9,13.32,13.48,3.723,N/A,22.52,False,0.2308,N/A,N/A,N/A,N/A,N/A,N/A,N/A,N/A,N/A,N/A,N/A,N/A,709.0,4,T#173,N/A
2022,2.05,Christian Watson,JacobRosenzweig,Oliverwkw,10,2,False,10.37,10.76,3.3434,10.37,10.76,2.64,15.0851,0.5053,0.1471,106.2,10.62,11.02,4.1735,N/A,23.3,False,0.2222,N/A,N/A,N/A,N/A,N/A,N/A,N/A,N/A,N/A,N/A,N/A,N/A,1401.0,12,N/A,T#102
2022,2.06,Rachaad White,plehv79,plehv79,10,0,False,8.49,8.59,0.6262,11.34,11.48,3.2625,22.1698,8.5983,0.5882,96.3,9.63,9.75,3.6707,N/A,23.62,False,0.625,N/A,N/A,N/A,N/A,N/A,N/A,N/A,N/A,N/A,N/A,N/A,N/A,152.0,5,T#151,N/A
2022,2.07,Tyler Allgeier,stevenb123,LWebs53,1,2,False,9.97,10.09,1.4159,7.86,7.95,-0.8499,11.3958,-1.7892,0.0588,16.5,16.5,16.7,10.5519,N/A,22.37,False,0.0667,N/A,N/A,N/A,N/A,N/A,N/A,N/A,N/A,N/A,N/A,N/A,N/A,288.0,16,T#278,T#430
2022,2.08,Allen Lazard,LWebs53,stevenb123,5,2,False,11.65,12.09,2.988,7.68,7.97,-0.0742,21.2337,5.9873,0.2941,44.9,8.98,9.32,3.0679,N/A,26.71,False,0.3571,N/A,N/A,N/A,N/A,N/A,N/A,N/A,N/A,N/A,N/A,N/A,N/A,288.0,4,#640,T#146
2022,3.01,Jahan Dotson,JacobRosenzweig,JacobRosenzweig,13,0,False,5.93,6.15,-3.5637,5.93,6.15,-2.0761,10.2259,-6.9604,0.2549,106.6,8.2,8.51,2.0134,N/A,22.43,False,0.325,N/A,N/A,N/A,N/A,N/A,N/A,N/A,N/A,N/A,N/A,N/A,N/A,1401.0,17,#401,N/A
2022,3.02,Brian Robinson,AceMatthew,AceMatthew,9,0,False,11.31,11.45,2.0994,8.92,9.03,0.4655,16.5792,-2.3693,0.1765,103.5,11.5,11.64,5.2483,N/A,23.44,False,0.2308,N/A,N/A,N/A,N/A,N/A,N/A,N/A,N/A,N/A,N/A,N/A,N/A,1054.0,6,T#36,N/A
2022,3.03,Jalen Tolbert,stevenb123,BROsenzweig,0,1,False,5.59,5.8,-2.3631,5.59,5.8,-1.8393,5.8,-7.9795,0.0,0.0,0.0,0.0,-5.6952,N/A,23.5,False,0.0,N/A,N/A,N/A,N/A,N/A,N/A,N/A,N/A,N/A,N/A,N/A,N/A,1401.0,N/A,#1385,T#429
2022,3.04,Romeo Doubs,shmuel256,shmuel256,1,3,False,9.27,9.61,3.1375,10.16,10.54,3.855,10.5204,-0.979,0.04,5.0,5.0,5.19,1.551,N/A,22.37,False,0.0526,N/A,N/A,N/A,N/A,N/A,N/A,N/A,N/A,N/A,N/A,N/A,N/A,430.0,16,T#221,T#335
2022,3.05,Isaiah Spiller,Oliverwkw,Oliverwkw,0,0,False,1.96,1.98,-3.5069,1.96,1.98,-3.5635,6.98,-0.834,0.0,0.0,0.0,0.0,-2.2815,N/A,21.05,True,0.0,N/A,N/A,N/A,N/A,N/A,N/A,N/A,N/A,N/A,N/A,N/A,N/A,1401.0,N/A,#904,N/A
2022,3.06,David Bell,plehv79,plehv79,0,5,False,4.35,4.52,-1.0053,4.35,4.52,-0.9678,4.52,-3.9975,0.0,0.0,0.0,0.0,-2.4592,N/A,21.7,False,0.0,N/A,N/A,N/A,N/A,N/A,N/A,N/A,N/A,N/A,N/A,N/A,N/A,1401.0,N/A,#1037,T#264
2022,3.07,Zamir White,AceMatthew,LWebs53,0,1,False,3.24,3.28,-2.7825,3.24,3.28,-2.4883,8.28,-0.3642,0.0,0.0,0.0,0.0,-2.7862,N/A,22.94,True,0.0,N/A,N/A,N/A,N/A,N/A,N/A,N/A,N/A,N/A,N/A,N/A,N/A,1401.0,N/A,#128,T#4
2022,3.08,Malik Willis,LWebs53,stevenb123,0,3,False,6.56,5.37,-1.3347,6.56,5.37,-1.0895,5.37,-3.6052,0.0,0.0,0.0,0.0,-4.3682,N/A,23.26,False,0.0,N/A,N/A,N/A,N/A,N/A,N/A,N/A,N/A,N/A,N/A,N/A,N/A,1401.0,N/A,#641,T#142
2022,4.01,Desmond Ridder,JacobRosenzweig,JacobRosenzweig,1,0,False,9.66,7.91,-0.0735,9.66,7.91,0.1815,8.6216,-1.7734,0.0294,13.8,13.8,11.29,5.2022,N/A,22.99,False,0.0588,N/A,N/A,N/A,N/A,N/A,N/A,N/A,N/A,N/A,N/A,N/A,N/A,1401.0,23,#385,N/A
2022,4.02,Wan'Dale Robinson,stevenb123,AceMatthew,0,2,False,8.6,8.92,0.6439,10.82,11.23,3.1385,8.92,-2.3796,0.0,0.0,0.0,0.0,-5.953,N/A,21.64,False,0.0,N/A,N/A,N/A,N/A,N/A,N/A,N/A,N/A,N/A,N/A,N/A,N/A,92.0,N/A,T#14,T#425
2022,4.03,Isiah Pacheco,stevenb123,BROsenzweig,6,1,False,9.75,9.87,2.587,9.9,10.02,2.836,16.1509,6.1904,0.2727,76.6,12.77,12.92,8.2473,N/A,23.49,False,0.2857,N/A,N/A,N/A,N/A,N/A,N/A,N/A,N/A,N/A,N/A,N/A,N/A,406.0,13,T#158,T#429
2022,4.04,Tyrion Davis-Price,JacobRosenzweig,shmuel256,0,2,False,1.81,1.84,-2.997,1.81,1.84,-3.8838,1.84,-4.6816,0.0,0.0,0.0,0.0,-1.4903,N/A,21.85,False,0.0,N/A,N/A,N/A,N/A,N/A,N/A,N/A,N/A,N/A,N/A,N/A,N/A,1401.0,N/A,#374,T#102
2022,4.05,Alec Pierce,Oliverwkw,Oliverwkw,1,4,False,6.27,6.5,2.5969,8.62,8.94,3.8412,11.907,7.5143,0.0294,6.7,6.7,6.95,4.399,N/A,22.32,True,0.0323,N/A,N/A,N/A,N/A,N/A,N/A,N/A,N/A,N/A,N/A,N/A,N/A,624.0,6,T#68,T#203
2022,4.06,Trey McBride,plehv79,plehv79,1,4,False,5.05,6.66,1.9547,13.02,17.17,10.4205,7.6928,2.3115,0.0588,20.8,20.8,27.44,24.9623,N/A,22.77,False,0.0909,N/A,N/A,N/A,N/A,N/A,N/A,N/A,N/A,N/A,N/A,N/A,N/A,193.0,16,T#276,T#264
2022,4.07,Albert Okwuegbunam,plehv79,LWebs53,0,4,False,4.26,5.62,0.6681,4.26,5.62,-0.3911,5.62,0.2727,0.0,0.0,0.0,0.0,-3.6126,N/A,24.34,False,0.0,N/A,N/A,N/A,N/A,N/A,N/A,N/A,N/A,N/A,N/A,N/A,N/A,1401.0,N/A,#1020,T#264
2022,4.08,Marquez Valdes-Scantling,LWebs53,stevenb123,1,3,False,5.69,5.9,0.9481,5.69,5.9,-0.1111,7.3013,1.954,0.1,9.1,9.1,9.44,5.8274,N/A,27.88,False,0.125,N/A,N/A,N/A,N/A,N/A,N/A,N/A,N/A,N/A,N/A,N/A,N/A,1401.0,6,#572,T#145
2023,1.01,Bijan Robinson,plehv79,JacobRosenzweig,32,1,False,17.25,17.78,4.797,18.75,19.33,5.979,69.0282,33.1849,0.9412,528.6,16.52,17.03,4.458,N/A,21.57,False,1.0,N/A,N/A,N/A,N/A,N/A,N/A,N/A,N/A,N/A,N/A,N/A,N/A,660.0,0,T#35,T#274
2023,1.02,Anthony Richardson,JacobRosenzweig,plehv79,8,1,False,13.66,11.4,-2.4927,13.66,11.4,-2.7933,19.3945,-18.4943,0.1569,126.82,15.85,13.23,-0.672,N/A,21.27,False,0.4706,N/A,N/A,N/A,N/A,N/A,N/A,N/A,N/A,N/A,N/A,N/A,N/A,1036.0,3,N/A,T#105
2023,1.03,Jahmyr Gibbs,stevenb123,AceMatthew,32,1,False,19.93,20.55,6.8993,19.93,20.55,6.8193,56.7096,21.3741,0.6275,662.5,20.7,21.34,8.196,N/A,21.44,False,0.6957,N/A,N/A,N/A,N/A,N/A,N/A,N/A,N/A,N/A,N/A,N/A,N/A,1036.0,17,N/A,T#441
2023,1.04,Bryce Young,stevenb123,shmuel256,0,1,False,12.39,10.33,-3.2187,12.39,10.33,-3.5347,10.33,-24.7047,0.0,0.0,0.0,0.0,-14.224,N/A,22.09,False,0.0,N/A,N/A,N/A,N/A,N/A,N/A,N/A,N/A,N/A,N/A,N/A,N/A,1036.0,N/A,N/A,T#440
2023,1.05,Jaxon Smith-Njigba,plehv79,Oliverwkw,12,1,False,11.82,11.94,0.0865,14.98,15.12,2.8305,22.2119,-7.1608,0.3529,158.9,13.24,13.37,2.3265,N/A,21.53,False,0.375,N/A,N/A,N/A,N/A,N/A,N/A,N/A,N/A,N/A,N/A,N/A,N/A,612.0,17,T#122,T#266
2023,1.06,Quentin Johnston,AceMatthew,BROsenzweig,0,2,False,5.53,5.58,-6.4302,9.47,9.56,-2.9613,5.58,-22.7143,0.0,0.0,0.0,0.0,-12.897,N/A,21.97,False,0.0,N/A,N/A,N/A,N/A,N/A,N/A,N/A,N/A,N/A,N/A,N/A,N/A,317.0,N/A,T#27,T#15
2023,1.07,Dalton Kincaid,AceMatthew,stevenb123,19,2,False,9.27,12.08,1.0503,9.27,12.08,1.0435,24.658,-1.8498,0.3725,170.4,8.97,11.69,2.3322,N/A,23.86,False,0.4872,N/A,N/A,N/A,N/A,N/A,N/A,N/A,N/A,N/A,N/A,N/A,N/A,1036.0,3,N/A,T#12
2023,1.08,Jordan Addison,AceMatthew,LWebs53,6,1,False,13.02,13.15,2.6956,12.23,12.35,1.0192,24.4629,-0.2407,0.3529,70.5,11.75,11.87,2.1755,N/A,21.58,False,0.375,N/A,N/A,N/A,N/A,N/A,N/A,N/A,N/A,N/A,N/A,N/A,N/A,305.0,1,T#23,T#4
2023,2.01,C.J. Stroud,JacobRosenzweig,JacobRosenzweig,24,0,False,14.85,12.39,2.3694,14.85,12.39,1.7465,28.3902,7.7838,0.4706,365.18,15.22,12.69,3.8837,N/A,21.9,False,0.5581,N/A,N/A,N/A,N/A,N/A,N/A,N/A,N/A,N/A,N/A,N/A,N/A,1036.0,4,N/A,N/A
2023,2.02,Zay Flowers,AceMatthew,plehv79,9,1,False,12.71,12.84,2.2956,13.24,13.37,1.822,20.806,-1.6289,0.2647,83.4,9.27,9.36,-1.1233,N/A,22.96,False,0.2812,N/A,N/A,N/A,N/A,N/A,N/A,N/A,N/A,N/A,N/A,N/A,N/A,733.0,3,T#42,T#15
2023,2.03,De'Von Achane,Oliverwkw,AceMatthew,39,2,False,18.17,18.73,8.3822,18.17,18.73,8.5712,63.745,42.0019,0.7647,725.5,18.6,19.18,7.5615,N/A,21.87,False,0.9286,N/A,N/A,N/A,N/A,N/A,N/A,N/A,N/A,N/A,N/A,N/A,N/A,1036.0,3,N/A,T#212
2023,2.04,Zach Charbonnet,plehv79,shmuel256,5,1,False,8.88,9.15,-0.5132,9.53,9.82,0.4462,12.1884,-10.3446,0.1471,105.3,21.06,21.71,11.953,N/A,22.63,False,0.1613,N/A,N/A,N/A,N/A,N/A,N/A,N/A,N/A,N/A,N/A,N/A,N/A,702.0,11,T#303,T#267
2023,2.05,Hendon Hooker,stevenb123,Oliverwkw,0,1,False,0.89,0.75,-6.6666,0.89,0.75,-7.37,0.75,-13.8298,0.0,0.0,0.0,0.0,-6.8465,N/A,25.62,False,N/A,N/A,N/A,N/A,N/A,N/A,N/A,N/A,N/A,N/A,N/A,N/A,N/A,1036.0,N/A,#1439,T#440
2023,2.06,Michael Mayer,BROsenzweig,BROsenzweig,0,0,False,5.49,7.16,-0.8037,4.89,6.37,-1.8475,7.16,-6.4115,0.0,0.0,0.0,0.0,-6.0793,N/A,22.14,False,0.0,N/A,N/A,N/A,N/A,N/A,N/A,N/A,N/A,N/A,N/A,N/A,N/A,342.0,N/A,T#77,N/A
2023,2.07,Kendre Miller,BROsenzweig,stevenb123,2,3,False,5.29,5.45,-3.2241,5.29,5.45,-3.3499,6.2599,-6.9251,0.0392,8.0,4.0,4.12,-2.0281,N/A,21.21,False,0.1053,N/A,N/A,N/A,N/A,N/A,N/A,N/A,N/A,N/A,N/A,N/A,N/A,1036.0,32,N/A,T#56
2023,2.08,Sam LaPorta,stevenb123,LWebs53,12,3,False,12.85,16.75,7.648,12.66,16.51,8.4658,31.4341,16.1877,0.3529,144.6,12.05,15.71,9.4579,N/A,22.62,False,0.3871,N/A,N/A,N/A,N/A,N/A,N/A,N/A,N/A,N/A,N/A,N/A,N/A,685.0,9,T#124,T#442
2023,3.01,Jonathan Mingo,JacobRosenzweig,JacobRosenzweig,0,0,False,3.51,3.55,-6.1637,3.51,3.55,-4.6761,3.55,-13.6363,0.0,0.0,0.0,0.0,-6.4966,N/A,22.35,False,0.0,N/A,N/A,N/A,N/A,N/A,N/A,N/A,N/A,N/A,N/A,N/A,N/A,1036.0,N/A,#397,N/A
2023,3.02,Jalin Hyatt,shmuel256,plehv79,0,4,False,N/A,N/A,N/A,2.83,2.86,-5.7045,N/A,N/A,N/A,0.0,0.0,0.0,-6.3918,N/A,21.92,False,N/A,N/A,N/A,N/A,N/A,N/A,N/A,N/A,N/A,N/A,N/A,N/A,N/A,1036.0,N/A,T#234,T#350
2023,3.03,Rashee Rice,Oliverwkw,AceMatthew,16,2,False,15.08,15.22,7.0569,15.08,15.22,7.5808,29.4043,15.6248,0.3137,283.7,17.73,17.91,12.2148,N/A,23.35,False,0.4706,N/A,N/A,N/A,N/A,N/A,N/A,N/A,N/A,N/A,N/A,N/A,N/A,1036.0,13,N/A,T#212
2023,3.04,Tank Bigsby,plehv79,shmuel256,0,1,False,1.92,1.97,-4.5025,4.62,4.76,-1.925,1.97,-9.5294,0.0,0.0,0.0,0.0,-3.639,N/A,20.99,False,0.0,N/A,N/A,N/A,N/A,N/A,N/A,N/A,N/A,N/A,N/A,N/A,N/A,320.0,N/A,T#170,T#280
2023,3.05,Marvin Mims,LWebs53,Oliverwkw,0,5,False,6.55,6.62,1.1331,6.55,6.62,1.0765,6.62,-1.194,0.0,0.0,0.0,0.0,-2.2815,N/A,21.44,False,0.0,N/A,N/A,N/A,N/A,N/A,N/A,N/A,N/A,N/A,N/A,N/A,N/A,1036.0,N/A,N/A,T#152
2023,3.06,Roschon Johnson,plehv79,BROsenzweig,0,6,False,6.38,6.58,1.0548,5.3,5.47,-0.0178,6.58,-1.9375,0.0,0.0,0.0,0.0,-2.4592,N/A,22.57,False,0.0,N/A,N/A,N/A,N/A,N/A,N/A,N/A,N/A,N/A,N/A,N/A,N/A,667.0,N/A,T#299,T#279
2023,3.07,Will Levis,Oliverwkw,stevenb123,3,3,False,10.38,8.66,2.5975,10.38,8.66,2.8917,10.8377,2.1935,0.0882,28.82,9.61,8.01,5.2237,N/A,24.17,False,0.15,N/A,N/A,N/A,N/A,N/A,N/A,N/A,N/A,N/A,N/A,N/A,N/A,1036.0,17,#965,T#205
2023,3.08,Tyjae Spears,Oliverwkw,LWebs53,4,2,False,9.0,9.28,2.5752,9.0,9.28,2.8205,11.0086,2.0334,0.0784,27.3,6.83,7.04,2.6718,N/A,22.2,False,0.1,N/A,N/A,N/A,N/A,N/A,N/A,N/A,N/A,N/A,N/A,N/A,N/A,1036.0,17,N/A,T#210
2023,4.01,Josh Downs,JacobRosenzweig,JacobRosenzweig,8,0,False,10.99,11.1,3.1165,10.19,10.29,2.5615,17.4943,7.0993,0.2353,79.1,9.89,9.98,3.8923,N/A,22.04,False,0.2759,N/A,N/A,N/A,N/A,N/A,N/A,N/A,N/A,N/A,N/A,N/A,N/A,612.0,23,T#122,N/A
2023,4.02,Chase Brown,Oliverwkw,plehv79,23,2,False,13.05,13.45,5.1739,13.05,13.45,5.3585,29.9543,18.6547,0.451,414.6,18.03,18.58,12.627,N/A,23.44,False,0.5349,N/A,N/A,N/A,N/A,N/A,N/A,N/A,N/A,N/A,N/A,N/A,N/A,1036.0,25,N/A,T#211
2023,4.03,Jayden Reed,shmuel256,AceMatthew,0,1,False,N/A,N/A,N/A,11.8,11.92,4.736,N/A,N/A,N/A,0.0,0.0,0.0,-4.6727,N/A,23.33,False,N/A,N/A,N/A,N/A,N/A,N/A,N/A,N/A,N/A,N/A,N/A,N/A,N/A,1036.0,N/A,T#128,T#325
2023,4.04,Zach Evans,JacobRosenzweig,shmuel256,0,1,False,N/A,N/A,N/A,0.48,0.49,-5.2337,N/A,N/A,N/A,0.0,0.0,0.0,-1.4903,N/A,22.25,False,N/A,N/A,N/A,N/A,N/A,N/A,N/A,N/A,N/A,N/A,N/A,N/A,N/A,1036.0,N/A,#376,T#104
2023,4.05,Eric Gray,AceMatthew,Oliverwkw,0,2,False,1.25,1.29,-2.6131,1.25,1.29,-3.8087,1.29,-3.1027,0.0,0.0,0.0,0.0,-2.551,N/A,23.81,False,0.0,N/A,N/A,N/A,N/A,N/A,N/A,N/A,N/A,N/A,N/A,N/A,N/A,1036.0,N/A,#124,T#14
2023,4.06,Luke Schoonmaker,BROsenzweig,BROsenzweig,0,0,False,2.88,3.76,-0.9453,2.88,3.76,-2.9895,3.76,-1.6213,0.0,0.0,0.0,0.0,-2.4778,N/A,24.91,False,0.0,N/A,N/A,N/A,N/A,N/A,N/A,N/A,N/A,N/A,N/A,N/A,N/A,1036.0,N/A,#260,N/A
2023,4.07,Odell Beckham,Oliverwkw,stevenb123,0,4,False,5.39,5.44,0.4881,5.39,5.44,-0.5711,5.44,0.0927,0.0,0.0,0.0,0.0,-3.6126,N/A,30.81,False,0.0,N/A,N/A,N/A,N/A,N/A,N/A,N/A,N/A,N/A,N/A,N/A,N/A,1036.0,N/A,#919,T#207
2023,4.08,Luke Musgrave,LWebs53,LWebs53,1,4,False,4.57,5.96,1.0081,4.57,5.96,-0.0511,6.6411,1.2938,0.04,8.0,8.0,10.43,6.8174,N/A,22.98,False,0.0714,N/A,N/A,N/A,N/A,N/A,N/A,N/A,N/A,N/A,N/A,N/A,N/A,1036.0,0,#769,T#152
2024,1.01,Marvin Harrison,stevenb123,stevenb123,14,2,False,11.18,11.8,-1.183,11.18,11.8,-1.551,24.9882,-10.8551,0.4118,163.9,11.71,12.35,-0.222,N/A,22.05,False,0.5,N/A,N/A,N/A,N/A,N/A,N/A,N/A,N/A,N/A,N/A,N/A,N/A,670.0,0,N/A,T#444
2024,1.02,Caleb Williams,stevenb123,JacobRosenzweig,24,1,False,16.72,13.87,-0.0227,16.72,13.87,-0.3233,41.406,3.5172,0.7059,416.08,17.34,14.38,0.478,N/A,22.78,False,0.75,N/A,N/A,N/A,N/A,N/A,N/A,N/A,N/A,N/A,N/A,N/A,N/A,670.0,0,N/A,T#424
2024,1.03,Malik Nabers,BROsenzweig,BROsenzweig,17,0,False,17.35,18.31,4.6593,17.35,18.31,4.5793,53.4042,18.0687,0.5,300.7,17.69,18.66,5.516,N/A,21.09,False,0.9444,N/A,N/A,N/A,N/A,N/A,N/A,N/A,N/A,N/A,N/A,N/A,N/A,670.0,1,N/A,N/A
2024,1.04,Jayden Daniels,LWebs53,AceMatthew,21,2,False,19.88,16.49,2.9413,19.88,16.49,2.6253,51.0304,15.9957,0.6176,432.0,20.57,17.07,2.846,N/A,23.69,False,0.913,N/A,N/A,N/A,N/A,N/A,N/A,N/A,N/A,N/A,N/A,N/A,N/A,670.0,1,N/A,T#164
2024,1.05,Drake Maye,AceMatthew,Oliverwkw,20,2,False,17.19,14.26,2.4065,17.19,14.26,1.9705,38.8255,9.4528,0.5882,385.14,19.26,15.98,4.9365,N/A,22.0,False,0.7143,N/A,N/A,N/A,N/A,N/A,N/A,N/A,N/A,N/A,N/A,N/A,N/A,670.0,6,N/A,T#14
2024,1.06,Rome Odunze,JacobRosenzweig,shmuel256,20,2,False,9.77,10.31,-1.7002,9.77,10.31,-2.2113,28.0709,-0.2234,0.5882,208.1,10.4,10.98,-1.917,N/A,22.24,False,0.7143,N/A,N/A,N/A,N/A,N/A,N/A,N/A,N/A,N/A,N/A,N/A,N/A,670.0,0,N/A,T#107
2024,1.07,Brock Bowers,AceMatthew,plehv79,26,4,False,15.13,20.23,9.2003,15.13,20.23,9.1935,68.85,42.3422,0.7647,393.3,15.13,20.22,10.8622,N/A,21.71,False,0.9286,N/A,N/A,N/A,N/A,N/A,N/A,N/A,N/A,N/A,N/A,N/A,N/A,670.0,2,N/A,T#23
2024,1.08,Brian Thomas,LWebs53,LWebs53,29,2,False,13.53,14.27,3.8156,13.53,14.27,2.9392,52.8829,28.1793,0.8529,397.6,13.71,14.46,4.7655,N/A,21.89,False,1.0,N/A,N/A,N/A,N/A,N/A,N/A,N/A,N/A,N/A,N/A,N/A,N/A,670.0,0,N/A,T#166
2024,2.01,Jonathon Brooks,stevenb123,stevenb123,0,3,False,2.5,2.42,-7.6006,2.5,2.42,-8.2235,2.42,-18.1864,0.0,0.0,0.0,0.0,-8.8063,N/A,21.11,False,0.0,N/A,N/A,N/A,N/A,N/A,N/A,N/A,N/A,N/A,N/A,N/A,N/A,104.0,N/A,T#241,T#464
2024,2.02,Xavier Worthy,Oliverwkw,JacobRosenzweig,17,1,False,11.02,11.63,1.0856,11.02,11.63,0.082,32.3305,9.8956,0.5,184.7,10.86,11.46,0.9768,N/A,21.34,True,0.5667,N/A,N/A,N/A,N/A,N/A,N/A,N/A,N/A,N/A,N/A,N/A,N/A,670.0,1,N/A,T#230
2024,2.03,J.J. McCarthy,Oliverwkw,BROsenzweig,3,2,False,12.3,10.2,-0.1478,12.3,10.2,0.0412,14.8,-6.9431,0.0882,32.12,10.71,8.88,-2.7385,N/A,21.6,False,0.3333,N/A,N/A,N/A,N/A,N/A,N/A,N/A,N/A,N/A,N/A,N/A,N/A,670.0,25,N/A,T#225
2024,2.04,Ladd McConkey,plehv79,AceMatthew,25,2,False,13.55,14.29,4.6268,13.55,14.29,4.9162,44.7952,22.2622,0.7353,318.2,12.73,13.43,3.673,N/A,22.8,False,0.8065,N/A,N/A,N/A,N/A,N/A,N/A,N/A,N/A,N/A,N/A,N/A,N/A,670.0,1,N/A,T#289
2024,2.05,Keon Coleman,JacobRosenzweig,Oliverwkw,5,3,False,7.79,8.22,0.8034,7.79,8.22,0.1,11.4786,-3.1012,0.1471,27.9,5.58,5.89,-0.9565,N/A,21.28,False,0.2174,N/A,N/A,N/A,N/A,N/A,N/A,N/A,N/A,N/A,N/A,N/A,N/A,670.0,1,N/A,T#114
2024,2.06,Trey Benson,JacobRosenzweig,shmuel256,1,1,False,5.22,5.06,-2.9038,5.22,5.06,-3.1575,5.5344,-8.0371,0.0294,2.9,2.9,2.81,-3.2692,N/A,22.1,False,0.0625,N/A,N/A,N/A,N/A,N/A,N/A,N/A,N/A,N/A,N/A,N/A,N/A,670.0,13,N/A,T#104
2024,2.07,Ricky Pearsall,shmuel256,plehv79,1,5,False,8.67,9.15,0.4759,8.67,9.15,0.3501,9.9149,-3.2701,0.0294,8.6,8.6,9.07,2.9219,N/A,23.97,False,0.0526,N/A,N/A,N/A,N/A,N/A,N/A,N/A,N/A,N/A,N/A,N/A,N/A,670.0,20,N/A,T#374
2024,2.08,Xavier Legette,Oliverwkw,LWebs53,2,4,False,8.02,8.47,-0.632,6.95,7.33,-0.7142,9.8641,-5.3823,0.0714,18.3,9.15,9.65,3.3979,N/A,23.58,False,0.087,N/A,N/A,N/A,N/A,N/A,N/A,N/A,N/A,N/A,N/A,N/A,N/A,447.0,5,T#254,T#225
2024,3.01,Bo Nix,Oliverwkw,stevenb123,29,3,False,18.24,15.13,5.4163,18.24,15.13,6.9039,53.4417,36.2554,0.8529,534.26,18.42,15.28,8.7834,N/A,24.51,False,0.9062,N/A,N/A,N/A,N/A,N/A,N/A,N/A,N/A,N/A,N/A,N/A,N/A,670.0,3,N/A,T#226
2024,3.02,Michael Penix,Oliverwkw,JacobRosenzweig,4,2,False,11.48,9.53,0.1794,11.48,9.53,0.9655,13.9285,-5.02,0.1176,35.92,8.98,7.45,1.0583,N/A,24.31,False,0.3077,N/A,N/A,N/A,N/A,N/A,N/A,N/A,N/A,N/A,N/A,N/A,N/A,670.0,18,N/A,T#226
2024,3.03,Adonai Mitchell,Oliverwkw,BROsenzweig,0,4,False,3.1,3.27,-4.8931,4.26,4.5,-3.1393,3.27,-10.5095,0.0,0.0,0.0,0.0,-5.6952,N/A,21.89,False,0.0,N/A,N/A,N/A,N/A,N/A,N/A,N/A,N/A,N/A,N/A,N/A,N/A,200.0,N/A,T#87,T#226
2024,3.04,Troy Franklin,Oliverwkw,AceMatthew,10,2,False,7.58,7.99,1.5175,7.58,7.99,1.305,13.6755,2.1761,0.2941,98.4,9.84,10.38,6.741,N/A,21.56,False,0.3226,N/A,N/A,N/A,N/A,N/A,N/A,N/A,N/A,N/A,N/A,N/A,N/A,670.0,19,N/A,T#226
2024,3.05,Blake Corum,Oliverwkw,Oliverwkw,0,2,False,2.19,2.12,-3.3669,5.04,4.88,-0.6635,2.12,-5.694,0.0,0.0,0.0,0.0,-2.2815,N/A,23.76,False,0.0,N/A,N/A,N/A,N/A,N/A,N/A,N/A,N/A,N/A,N/A,N/A,N/A,101.0,N/A,T#240,T#226
2024,3.06,Jaylen Wright,Oliverwkw,shmuel256,0,1,False,3.36,3.26,-2.2652,3.36,3.26,-2.2278,8.26,-0.2575,0.0,0.0,0.0,0.0,-2.4592,N/A,21.41,True,0.0,N/A,N/A,N/A,N/A,N/A,N/A,N/A,N/A,N/A,N/A,N/A,N/A,670.0,N/A,N/A,T#226
2024,3.07,Ben Sinnott,Oliverwkw,plehv79,0,2,False,2.14,2.86,-3.2025,2.68,3.58,-2.1883,2.86,-5.7842,0.0,0.0,0.0,0.0,-2.7862,N/A,22.21,False,0.0,N/A,N/A,N/A,N/A,N/A,N/A,N/A,N/A,N/A,N/A,N/A,N/A,200.0,N/A,T#244,T#226
2024,3.08,Jermaine Burton,Oliverwkw,LWebs53,0,5,False,2.94,3.1,-3.6047,1.84,1.94,-4.5195,3.1,-5.8752,0.0,0.0,0.0,0.0,-4.3682,N/A,23.17,False,0.0,N/A,N/A,N/A,N/A,N/A,N/A,N/A,N/A,N/A,N/A,N/A,N/A,104.0,N/A,T#241,T#226
2024,4.01,Ja'Tavion Sanders,LWebs53,stevenb123,0,3,False,4.68,6.25,-1.7335,4.68,6.25,-1.4785,6.25,-4.145,0.0,0.0,0.0,0.0,-6.0877,N/A,21.42,False,0.0,N/A,N/A,N/A,N/A,N/A,N/A,N/A,N/A,N/A,N/A,N/A,N/A,670.0,N/A,N/A,T#168
2024,4.02,Theo Johnson,Oliverwkw,JacobRosenzweig,2,1,False,7.53,10.07,1.7939,7.53,10.07,1.9785,11.4825,0.1829,0.0588,6.6,3.3,4.41,-1.543,N/A,23.5,False,0.0769,N/A,N/A,N/A,N/A,N/A,N/A,N/A,N/A,N/A,N/A,N/A,N/A,670.0,27,N/A,T#230
2024,4.03,Roman Wilson,stevenb123,BROsenzweig,0,2,False,4.29,4.52,-2.763,4.29,4.52,-2.664,4.52,-5.4405,0.0,0.0,0.0,0.0,-4.6727,N/A,23.19,False,0.0,N/A,N/A,N/A,N/A,N/A,N/A,N/A,N/A,N/A,N/A,N/A,N/A,670.0,N/A,#1481,T#468
2024,4.04,MarShawn Lloyd,plehv79,AceMatthew,0,9,False,2.8,2.71,-2.127,2.8,2.71,-3.0137,2.71,-3.8116,0.0,0.0,0.0,0.0,-1.4903,N/A,23.64,False,0.0,N/A,N/A,N/A,N/A,N/A,N/A,N/A,N/A,N/A,N/A,N/A,N/A,294.0,N/A,T#35,T#290
2024,4.05,Malachi Corley,AceMatthew,Oliverwkw,0,7,False,2.16,2.28,-1.6231,2.16,2.28,-2.8188,2.28,-2.1127,0.0,0.0,0.0,0.0,-2.551,N/A,22.44,False,0.0,N/A,N/A,N/A,N/A,N/A,N/A,N/A,N/A,N/A,N/A,N/A,N/A,670.0,N/A,#131,T#30
2024,4.06,Kimani Vidal,BROsenzweig,shmuel256,1,7,False,6.78,6.58,1.8747,6.78,6.58,-0.1695,7.1652,1.7839,0.0345,2.0,2.0,1.94,-0.5378,N/A,23.0,False,0.0526,N/A,N/A,N/A,N/A,N/A,N/A,N/A,N/A,N/A,N/A,N/A,N/A,670.0,20,#318,T#74
2024,4.07,Tyrone Tracy,shmuel256,plehv79,1,5,False,9.68,9.39,4.4381,10.66,10.33,4.3189,10.1144,4.7671,0.0357,6.7,6.7,6.5,2.8874,N/A,24.76,False,0.04,N/A,N/A,N/A,N/A,N/A,N/A,N/A,N/A,N/A,N/A,N/A,N/A,447.0,25,T#254,T#376
2024,4.08,Javon Baker,plehv79,LWebs53,0,5,False,0.37,0.39,-4.5619,0.37,0.39,-5.6211,0.39,-4.9573,0.0,0.0,0.0,0.0,-3.6126,N/A,22.52,False,0.0,N/A,N/A,N/A,N/A,N/A,N/A,N/A,N/A,N/A,N/A,N/A,N/A,670.0,N/A,#1080,T#291
2025,1.01,Ashton Jeanty,JacobRosenzweig,JacobRosenzweig,14,0,False,14.36,13.84,0.857,14.36,13.84,0.489,47.3206,11.4773,0.8235,191.9,13.71,13.21,0.638,N/A,21.74,False,0.875,N/A,N/A,N/A,N/A,N/A,N/A,N/A,N/A,N/A,N/A,N/A,N/A,305.0,0,N/A,N/A
2025,1.02,Travis Hunter,Oliverwkw,Oliverwkw,3,0,False,8.97,9.74,-4.1527,8.97,9.74,-4.4533,16.3697,-21.5191,0.1765,23.9,7.97,8.64,-5.262,N/A,22.28,False,0.4286,N/A,N/A,N/A,N/A,N/A,N/A,N/A,N/A,N/A,N/A,N/A,N/A,305.0,0,N/A,N/A
2025,1.03,Omarion Hampton,LWebs53,LWebs53,8,2,False,13.47,12.98,-0.6707,13.47,12.98,-0.7507,36.0556,0.7201,0.4706,120.0,15.0,14.46,1.316,N/A,22.45,False,0.8889,N/A,N/A,N/A,N/A,N/A,N/A,N/A,N/A,N/A,N/A,N/A,N/A,305.0,0,N/A,T#166
2025,1.04,Tetairoa McMillan,plehv79,AceMatthew,16,1,False,12.58,13.65,0.1013,12.58,13.65,-0.2147,52.9941,17.9594,0.9412,200.9,12.56,13.63,-0.594,N/A,22.4,False,1.0,N/A,N/A,N/A,N/A,N/A,N/A,N/A,N/A,N/A,N/A,N/A,N/A,305.0,0,N/A,T#298
2025,1.05,TreVeyon Henderson,Oliverwkw,BROsenzweig,9,1,False,10.58,10.2,-1.6535,10.58,10.2,-2.0895,24.375,-4.9977,0.5294,134.1,14.9,14.36,3.3165,N/A,22.85,False,0.5625,N/A,N/A,N/A,N/A,N/A,N/A,N/A,N/A,N/A,N/A,N/A,N/A,305.0,1,N/A,T#228
2025,1.06,Cam Ward,JacobRosenzweig,plehv79,0,1,False,10.82,8.82,-3.1902,10.82,8.82,-3.7013,8.82,-19.4743,0.0,0.0,0.0,0.0,-12.897,N/A,23.26,False,0.0,N/A,N/A,N/A,N/A,N/A,N/A,N/A,N/A,N/A,N/A,N/A,N/A,305.0,N/A,N/A,T#107
2025,1.07,Matthew Golden,Oliverwkw,shmuel256,2,1,False,5.89,6.39,-4.6398,5.89,6.39,-4.6465,8.2405,-18.2673,0.1176,16.6,8.3,9.01,-0.3478,N/A,22.08,False,0.1538,N/A,N/A,N/A,N/A,N/A,N/A,N/A,N/A,N/A,N/A,N/A,N/A,305.0,5,N/A,T#226
2025,1.08,Quinshon Judkins,Oliverwkw,stevenb123,0,1,False,N/A,N/A,N/A,12.13,11.69,0.3592,N/A,N/A,N/A,0.0,0.0,0.0,-9.6945,N/A,21.83,False,N/A,N/A,N/A,N/A,N/A,N/A,N/A,N/A,N/A,N/A,N/A,N/A,N/A,2.0,N/A,T#189,T#212
2025,2.01,Emeka Egbuka,plehv79,JacobRosenzweig,0,1,False,N/A,N/A,N/A,11.51,12.49,1.8465,N/A,N/A,N/A,0.0,0.0,0.0,-8.8063,N/A,22.87,False,N/A,N/A,N/A,N/A,N/A,N/A,N/A,N/A,N/A,N/A,N/A,N/A,N/A,305.0,N/A,N/A,T#297
2025,2.02,Colston Loveland,Oliverwkw,Oliverwkw,1,2,False,11.02,13.58,3.0356,11.02,13.58,2.032,15.3374,-7.0975,0.0588,9.5,9.5,11.7,1.2167,N/A,21.39,False,0.0667,N/A,N/A,N/A,N/A,N/A,N/A,N/A,N/A,N/A,N/A,N/A,N/A,305.0,9,N/A,T#228
2025,2.03,RJ Harvey,stevenb123,LWebs53,5,2,False,12.01,11.57,1.2222,12.01,11.57,1.4112,19.652,-2.0911,0.2941,80.4,16.08,15.5,3.8815,N/A,24.56,False,0.3125,N/A,N/A,N/A,N/A,N/A,N/A,N/A,N/A,N/A,N/A,N/A,N/A,305.0,10,N/A,T#493
2025,2.04,Kaleb Johnson,stevenb123,AceMatthew,0,5,False,0.88,0.85,-8.8132,0.88,0.85,-8.5238,0.85,-21.683,0.0,0.0,0.0,0.0,-9.757,N/A,22.04,False,0.0,N/A,N/A,N/A,N/A,N/A,N/A,N/A,N/A,N/A,N/A,N/A,N/A,305.0,N/A,N/A,T#496
2025,2.05,Tyler Warren,LWebs53,BROsenzweig,15,4,False,11.04,13.6,6.1834,11.04,13.6,5.48,49.6,35.0202,0.8824,165.0,11.0,13.55,6.7035,N/A,23.26,False,0.9375,N/A,N/A,N/A,N/A,N/A,N/A,N/A,N/A,N/A,N/A,N/A,N/A,305.0,1,N/A,T#177
2025,2.06,Cam Skattebo,LWebs53,plehv79,0,2,False,N/A,N/A,N/A,15.96,15.39,7.1725,N/A,N/A,N/A,0.0,0.0,0.0,-6.0793,N/A,23.56,False,N/A,N/A,N/A,N/A,N/A,N/A,N/A,N/A,N/A,N/A,N/A,N/A,N/A,305.0,N/A,N/A,T#165
2025,2.07,Luther Burden,plehv79,shmuel256,0,1,False,N/A,N/A,N/A,8.24,8.94,0.1401,N/A,N/A,N/A,0.0,0.0,0.0,-6.1481,N/A,21.71,False,N/A,N/A,N/A,N/A,N/A,N/A,N/A,N/A,N/A,N/A,N/A,N/A,N/A,305.0,N/A,N/A,T#300
2025,2.08,Jaxson Dart,JacobRosenzweig,stevenb123,7,3,False,17.06,13.91,4.808,17.06,13.91,5.8658,30.2118,14.9654,0.4118,132.74,18.96,15.47,9.2179,N/A,22.29,False,0.5385,N/A,N/A,N/A,N/A,N/A,N/A,N/A,N/A,N/A,N/A,N/A,N/A,305.0,7,N/A,T#114
2025,3.01,Tre' Harris,shmuel256,JacobRosenzweig,0,6,False,N/A,N/A,N/A,4.32,4.69,-3.5361,N/A,N/A,N/A,0.0,0.0,0.0,-6.4966,N/A,23.5,False,N/A,N/A,N/A,N/A,N/A,N/A,N/A,N/A,N/A,N/A,N/A,N/A,N/A,305.0,N/A,N/A,T#391
2025,3.02,Bhayshul Tuten,plehv79,Oliverwkw,11,5,False,5.86,5.65,-3.7006,5.86,5.65,-2.9145,16.6176,-2.3309,0.6471,53.2,4.84,4.66,-1.7317,N/A,22.54,False,0.7857,N/A,N/A,N/A,N/A,N/A,N/A,N/A,N/A,N/A,N/A,N/A,N/A,305.0,2,N/A,T#301
2025,3.03,Dylan Sampson,shmuel256,LWebs53,0,3,False,5.84,5.63,-2.5331,5.84,5.63,-2.0093,5.63,-8.1495,0.0,0.0,0.0,0.0,-5.6952,N/A,20.95,False,0.0,N/A,N/A,N/A,N/A,N/A,N/A,N/A,N/A,N/A,N/A,N/A,N/A,305.0,N/A,N/A,T#395
2025,3.04,Jack Bech,plehv79,AceMatthew,0,3,False,N/A,N/A,N/A,3.03,3.29,-3.395,N/A,N/A,N/A,0.0,0.0,0.0,-3.639,N/A,22.69,False,N/A,N/A,N/A,N/A,N/A,N/A,N/A,N/A,N/A,N/A,N/A,N/A,N/A,305.0,N/A,N/A,T#298
2025,3.05,Kyle Williams,shmuel256,BROsenzweig,0,8,False,3.09,3.36,-2.1269,3.09,3.36,-2.1835,3.36,-4.454,0.0,0.0,0.0,0.0,-2.2815,N/A,22.79,False,0.0,N/A,N/A,N/A,N/A,N/A,N/A,N/A,N/A,N/A,N/A,N/A,N/A,305.0,N/A,N/A,T#395
2025,3.06,Terrance Ferguson,plehv79,plehv79,0,5,False,4.23,5.21,-0.3152,4.23,5.21,-0.2778,5.21,-3.3075,0.0,0.0,0.0,0.0,-2.4592,N/A,22.48,False,0.0,N/A,N/A,N/A,N/A,N/A,N/A,N/A,N/A,N/A,N/A,N/A,N/A,305.0,N/A,N/A,T#301
2025,3.07,Mason Taylor,Oliverwkw,shmuel256,0,4,False,7.92,9.76,3.6975,6.85,8.43,2.6617,9.76,1.1158,0.0,0.0,0.0,0.0,-2.7862,N/A,21.31,False,0.0,N/A,N/A,N/A,N/A,N/A,N/A,N/A,N/A,N/A,N/A,N/A,N/A,40.0,N/A,T#251,T#240
2025,3.08,Jalen Milroe,AceMatthew,stevenb123,0,11,False,-0.5,-0.41,-7.1147,-0.5,-0.41,-6.8695,-0.41,-9.3852,0.0,0.0,0.0,0.0,-4.3682,N/A,22.71,False,0.0,N/A,N/A,N/A,N/A,N/A,N/A,N/A,N/A,N/A,N/A,N/A,N/A,305.0,N/A,N/A,T#35
2025,4.01,Jaydon Blue,stevenb123,JacobRosenzweig,0,3,False,3.88,3.74,-4.2435,3.88,3.74,-3.9885,3.74,-6.655,0.0,0.0,0.0,0.0,-6.0877,N/A,21.64,False,0.0,N/A,N/A,N/A,N/A,N/A,N/A,N/A,N/A,N/A,N/A,N/A,N/A,305.0,N/A,#1514,T#466
2025,4.02,Tyler Shough,stevenb123,Oliverwkw,2,3,False,14.28,11.65,3.3739,14.28,11.65,3.5585,16.8278,5.5282,0.1818,38.04,19.02,15.51,9.557,N/A,25.92,False,0.2222,N/A,N/A,N/A,N/A,N/A,N/A,N/A,N/A,N/A,N/A,N/A,N/A,305.0,9,#789,T#472
2025,4.03,Jaylin Noel,stevenb123,LWebs53,0,3,False,N/A,N/A,N/A,3.6,3.91,-3.274,N/A,N/A,N/A,0.0,0.0,0.0,-4.6727,N/A,22.98,False,N/A,N/A,N/A,N/A,N/A,N/A,N/A,N/A,N/A,N/A,N/A,N/A,N/A,305.0,N/A,N/A,T#480
2025,4.04,Devin Neal,stevenb123,AceMatthew,0,9,False,N/A,N/A,N/A,6.67,6.43,0.7062,N/A,N/A,N/A,0.0,0.0,0.0,-1.4903,N/A,22.05,False,N/A,N/A,N/A,N/A,N/A,N/A,N/A,N/A,N/A,N/A,N/A,N/A,N/A,305.0,N/A,N/A,T#480
2025,4.05,Elijah Arroyo,stevenb123,BROsenzweig,0,4,False,2.84,3.5,-0.4031,2.84,3.5,-1.5987,3.5,-0.8927,0.0,0.0,0.0,0.0,-2.551,N/A,22.4,False,0.0,N/A,N/A,N/A,N/A,N/A,N/A,N/A,N/A,N/A,N/A,N/A,N/A,305.0,N/A,N/A,T#467
2025,4.06,Jalen Royals,stevenb123,plehv79,0,3,False,N/A,N/A,N/A,1.2,1.3,-5.4495,N/A,N/A,N/A,0.0,0.0,0.0,-2.4778,N/A,22.52,False,N/A,N/A,N/A,N/A,N/A,N/A,N/A,N/A,N/A,N/A,N/A,N/A,N/A,305.0,N/A,N/A,T#480
2025,4.07,Harold Fannin,stevenb123,shmuel256,0,4,False,N/A,N/A,N/A,11.66,14.36,8.3489,N/A,N/A,N/A,0.0,0.0,0.0,-3.6126,N/A,21.11,False,N/A,N/A,N/A,N/A,N/A,N/A,N/A,N/A,N/A,N/A,N/A,N/A,N/A,305.0,N/A,N/A,T#477
2025,4.08,Pat Bryant,stevenb123,stevenb123,0,4,False,N/A,N/A,N/A,5.49,5.95,-0.0611,N/A,N/A,N/A,0.0,0.0,0.0,-3.6126,N/A,22.72,False,N/A,N/A,N/A,N/A,N/A,N/A,N/A,N/A,N/A,N/A,N/A,N/A,N/A,305.0,N/A,N/A,T#479
2026,1.??,Unknown,plehv79,stevenb123,N/A,2,False,N/A,N/A,N/A,N/A,N/A,N/A,N/A,N/A,N/A,N/A,N/A,N/A,N/A,N/A,N/A,False,N/A,N/A,N/A,N/A,N/A,N/A,N/A,N/A,N/A,N/A,N/A,N/A,N/A,N/A,N/A,N/A,N/A
2026,1.??,Unknown,JacobRosenzweig,JacobRosenzweig,N/A,0,False,N/A,N/A,N/A,N/A,N/A,N/A,N/A,N/A,N/A,N/A,N/A,N/A,N/A,N/A,N/A,False,N/A,N/A,N/A,N/A,N/A,N/A,N/A,N/A,N/A,N/A,N/A,N/A,N/A,N/A,N/A,N/A,N/A
2026,1.??,Unknown,AceMatthew,AceMatthew,N/A,0,False,N/A,N/A,N/A,N/A,N/A,N/A,N/A,N/A,N/A,N/A,N/A,N/A,N/A,N/A,N/A,False,N/A,N/A,N/A,N/A,N/A,N/A,N/A,N/A,N/A,N/A,N/A,N/A,N/A,N/A,N/A,N/A,N/A
2026,1.??,Unknown,BROsenzweig,BROsenzweig,N/A,0,False,N/A,N/A,N/A,N/A,N/A,N/A,N/A,N/A,N/A,N/A,N/A,N/A,N/A,N/A,N/A,False,N/A,N/A,N/A,N/A,N/A,N/A,N/A,N/A,N/A,N/A,N/A,N/A,N/A,N/A,N/A,N/A,N/A
2026,1.??,Unknown,plehv79,plehv79,N/A,2,False,N/A,N/A,N/A,N/A,N/A,N/A,N/A,N/A,N/A,N/A,N/A,N/A,N/A,N/A,N/A,False,N/A,N/A,N/A,N/A,N/A,N/A,N/A,N/A,N/A,N/A,N/A,N/A,N/A,N/A,N/A,N/A,N/A
2026,1.??,Unknown,LWebs53,LWebs53,N/A,2,False,N/A,N/A,N/A,N/A,N/A,N/A,N/A,N/A,N/A,N/A,N/A,N/A,N/A,N/A,N/A,False,N/A,N/A,N/A,N/A,N/A,N/A,N/A,N/A,N/A,N/A,N/A,N/A,N/A,N/A,N/A,N/A,N/A
2026,1.??,Unknown,Oliverwkw,Oliverwkw,N/A,0,False,N/A,N/A,N/A,N/A,N/A,N/A,N/A,N/A,N/A,N/A,N/A,N/A,N/A,N/A,N/A,False,N/A,N/A,N/A,N/A,N/A,N/A,N/A,N/A,N/A,N/A,N/A,N/A,N/A,N/A,N/A,N/A,N/A
2026,1.??,Unknown,shmuel256,shmuel256,N/A,0,False,N/A,N/A,N/A,N/A,N/A,N/A,N/A,N/A,N/A,N/A,N/A,N/A,N/A,N/A,N/A,False,N/A,N/A,N/A,N/A,N/A,N/A,N/A,N/A,N/A,N/A,N/A,N/A,N/A,N/A,N/A,N/A,N/A
2026,2.??,Unknown,AceMatthew,stevenb123,N/A,6,False,N/A,N/A,N/A,N/A,N/A,N/A,N/A,N/A,N/A,N/A,N/A,N/A,N/A,N/A,N/A,False,N/A,N/A,N/A,N/A,N/A,N/A,N/A,N/A,N/A,N/A,N/A,N/A,N/A,N/A,N/A,N/A,N/A
2026,2.??,Unknown,JacobRosenzweig,JacobRosenzweig,N/A,0,False,N/A,N/A,N/A,N/A,N/A,N/A,N/A,N/A,N/A,N/A,N/A,N/A,N/A,N/A,N/A,False,N/A,N/A,N/A,N/A,N/A,N/A,N/A,N/A,N/A,N/A,N/A,N/A,N/A,N/A,N/A,N/A,N/A
2026,2.??,Unknown,JacobRosenzweig,AceMatthew,N/A,6,False,N/A,N/A,N/A,N/A,N/A,N/A,N/A,N/A,N/A,N/A,N/A,N/A,N/A,N/A,N/A,False,N/A,N/A,N/A,N/A,N/A,N/A,N/A,N/A,N/A,N/A,N/A,N/A,N/A,N/A,N/A,N/A,N/A
2026,2.??,Unknown,stevenb123,BROsenzweig,N/A,4,False,N/A,N/A,N/A,N/A,N/A,N/A,N/A,N/A,N/A,N/A,N/A,N/A,N/A,N/A,N/A,False,N/A,N/A,N/A,N/A,N/A,N/A,N/A,N/A,N/A,N/A,N/A,N/A,N/A,N/A,N/A,N/A,N/A
2026,2.??,Unknown,plehv79,plehv79,N/A,0,False,N/A,N/A,N/A,N/A,N/A,N/A,N/A,N/A,N/A,N/A,N/A,N/A,N/A,N/A,N/A,False,N/A,N/A,N/A,N/A,N/A,N/A,N/A,N/A,N/A,N/A,N/A,N/A,N/A,N/A,N/A,N/A,N/A
2026,2.??,Unknown,LWebs53,LWebs53,N/A,3,False,N/A,N/A,N/A,N/A,N/A,N/A,N/A,N/A,N/A,N/A,N/A,N/A,N/A,N/A,N/A,False,N/A,N/A,N/A,N/A,N/A,N/A,N/A,N/A,N/A,N/A,N/A,N/A,N/A,N/A,N/A,N/A,N/A
2026,2.??,Unknown,Oliverwkw,Oliverwkw,N/A,0,False,N/A,N/A,N/A,N/A,N/A,N/A,N/A,N/A,N/A,N/A,N/A,N/A,N/A,N/A,N/A,False,N/A,N/A,N/A,N/A,N/A,N/A,N/A,N/A,N/A,N/A,N/A,N/A,N/A,N/A,N/A,N/A,N/A
2026,2.??,Unknown,Oliverwkw,shmuel256,N/A,1,False,N/A,N/A,N/A,N/A,N/A,N/A,N/A,N/A,N/A,N/A,N/A,N/A,N/A,N/A,N/A,False,N/A,N/A,N/A,N/A,N/A,N/A,N/A,N/A,N/A,N/A,N/A,N/A,N/A,N/A,N/A,N/A,N/A
2026,3.??,Unknown,LWebs53,stevenb123,N/A,5,False,N/A,N/A,N/A,N/A,N/A,N/A,N/A,N/A,N/A,N/A,N/A,N/A,N/A,N/A,N/A,False,N/A,N/A,N/A,N/A,N/A,N/A,N/A,N/A,N/A,N/A,N/A,N/A,N/A,N/A,N/A,N/A,N/A
2026,3.??,Unknown,LWebs53,JacobRosenzweig,N/A,1,False,N/A,N/A,N/A,N/A,N/A,N/A,N/A,N/A,N/A,N/A,N/A,N/A,N/A,N/A,N/A,False,N/A,N/A,N/A,N/A,N/A,N/A,N/A,N/A,N/A,N/A,N/A,N/A,N/A,N/A,N/A,N/A,N/A
2026,3.??,Unknown,LWebs53,AceMatthew,N/A,1,False,N/A,N/A,N/A,N/A,N/A,N/A,N/A,N/A,N/A,N/A,N/A,N/A,N/A,N/A,N/A,False,N/A,N/A,N/A,N/A,N/A,N/A,N/A,N/A,N/A,N/A,N/A,N/A,N/A,N/A,N/A,N/A,N/A
2026,3.??,Unknown,LWebs53,BROsenzweig,N/A,2,False,N/A,N/A,N/A,N/A,N/A,N/A,N/A,N/A,N/A,N/A,N/A,N/A,N/A,N/A,N/A,False,N/A,N/A,N/A,N/A,N/A,N/A,N/A,N/A,N/A,N/A,N/A,N/A,N/A,N/A,N/A,N/A,N/A
2026,3.??,Unknown,LWebs53,plehv79,N/A,3,False,N/A,N/A,N/A,N/A,N/A,N/A,N/A,N/A,N/A,N/A,N/A,N/A,N/A,N/A,N/A,False,N/A,N/A,N/A,N/A,N/A,N/A,N/A,N/A,N/A,N/A,N/A,N/A,N/A,N/A,N/A,N/A,N/A
2026,3.??,Unknown,LWebs53,LWebs53,N/A,7,False,N/A,N/A,N/A,N/A,N/A,N/A,N/A,N/A,N/A,N/A,N/A,N/A,N/A,N/A,N/A,False,N/A,N/A,N/A,N/A,N/A,N/A,N/A,N/A,N/A,N/A,N/A,N/A,N/A,N/A,N/A,N/A,N/A
2026,3.??,Unknown,LWebs53,Oliverwkw,N/A,5,False,N/A,N/A,N/A,N/A,N/A,N/A,N/A,N/A,N/A,N/A,N/A,N/A,N/A,N/A,N/A,False,N/A,N/A,N/A,N/A,N/A,N/A,N/A,N/A,N/A,N/A,N/A,N/A,N/A,N/A,N/A,N/A,N/A
2026,3.??,Unknown,LWebs53,shmuel256,N/A,8,False,N/A,N/A,N/A,N/A,N/A,N/A,N/A,N/A,N/A,N/A,N/A,N/A,N/A,N/A,N/A,False,N/A,N/A,N/A,N/A,N/A,N/A,N/A,N/A,N/A,N/A,N/A,N/A,N/A,N/A,N/A,N/A,N/A
2026,4.??,Unknown,Oliverwkw,stevenb123,N/A,3,False,N/A,N/A,N/A,N/A,N/A,N/A,N/A,N/A,N/A,N/A,N/A,N/A,N/A,N/A,N/A,False,N/A,N/A,N/A,N/A,N/A,N/A,N/A,N/A,N/A,N/A,N/A,N/A,N/A,N/A,N/A,N/A,N/A
2026,4.??,Unknown,shmuel256,JacobRosenzweig,N/A,3,False,N/A,N/A,N/A,N/A,N/A,N/A,N/A,N/A,N/A,N/A,N/A,N/A,N/A,N/A,N/A,False,N/A,N/A,N/A,N/A,N/A,N/A,N/A,N/A,N/A,N/A,N/A,N/A,N/A,N/A,N/A,N/A,N/A
2026,4.??,Unknown,AceMatthew,AceMatthew,N/A,4,False,N/A,N/A,N/A,N/A,N/A,N/A,N/A,N/A,N/A,N/A,N/A,N/A,N/A,N/A,N/A,False,N/A,N/A,N/A,N/A,N/A,N/A,N/A,N/A,N/A,N/A,N/A,N/A,N/A,N/A,N/A,N/A,N/A
2026,4.??,Unknown,Oliverwkw,BROsenzweig,N/A,4,False,N/A,N/A,N/A,N/A,N/A,N/A,N/A,N/A,N/A,N/A,N/A,N/A,N/A,N/A,N/A,False,N/A,N/A,N/A,N/A,N/A,N/A,N/A,N/A,N/A,N/A,N/A,N/A,N/A,N/A,N/A,N/A,N/A
2026,4.??,Unknown,plehv79,plehv79,N/A,5,False,N/A,N/A,N/A,N/A,N/A,N/A,N/A,N/A,N/A,N/A,N/A,N/A,N/A,N/A,N/A,False,N/A,N/A,N/A,N/A,N/A,N/A,N/A,N/A,N/A,N/A,N/A,N/A,N/A,N/A,N/A,N/A,N/A
2026,4.??,Unknown,Oliverwkw,LWebs53,N/A,5,False,N/A,N/A,N/A,N/A,N/A,N/A,N/A,N/A,N/A,N/A,N/A,N/A,N/A,N/A,N/A,False,N/A,N/A,N/A,N/A,N/A,N/A,N/A,N/A,N/A,N/A,N/A,N/A,N/A,N/A,N/A,N/A,N/A
2026,4.??,Unknown,stevenb123,Oliverwkw,N/A,2,False,N/A,N/A,N/A,N/A,N/A,N/A,N/A,N/A,N/A,N/A,N/A,N/A,N/A,N/A,N/A,False,N/A,N/A,N/A,N/A,N/A,N/A,N/A,N/A,N/A,N/A,N/A,N/A,N/A,N/A,N/A,N/A,N/A
2026,4.??,Unknown,AceMatthew,shmuel256,N/A,10,False,N/A,N/A,N/A,N/A,N/A,N/A,N/A,N/A,N/A,N/A,N/A,N/A,N/A,N/A,N/A,False,N/A,N/A,N/A,N/A,N/A,N/A,N/A,N/A,N/A,N/A,N/A,N/A,N/A,N/A,N/A,N/A,N/A
2027,1.??,Unknown,plehv79,stevenb123,N/A,2,False,N/A,N/A,N/A,N/A,N/A,N/A,N/A,N/A,N/A,N/A,N/A,N/A,N/A,N/A,N/A,False,N/A,N/A,N/A,N/A,N/A,N/A,N/A,N/A,N/A,N/A,N/A,N/A,N/A,N/A,N/A,N/A,N/A
2027,1.??,Unknown,JacobRosenzweig,JacobRosenzweig,N/A,0,False,N/A,N/A,N/A,N/A,N/A,N/A,N/A,N/A,N/A,N/A,N/A,N/A,N/A,N/A,N/A,False,N/A,N/A,N/A,N/A,N/A,N/A,N/A,N/A,N/A,N/A,N/A,N/A,N/A,N/A,N/A,N/A,N/A
2027,1.??,Unknown,plehv79,AceMatthew,N/A,1,False,N/A,N/A,N/A,N/A,N/A,N/A,N/A,N/A,N/A,N/A,N/A,N/A,N/A,N/A,N/A,False,N/A,N/A,N/A,N/A,N/A,N/A,N/A,N/A,N/A,N/A,N/A,N/A,N/A,N/A,N/A,N/A,N/A
2027,1.??,Unknown,BROsenzweig,BROsenzweig,N/A,0,False,N/A,N/A,N/A,N/A,N/A,N/A,N/A,N/A,N/A,N/A,N/A,N/A,N/A,N/A,N/A,False,N/A,N/A,N/A,N/A,N/A,N/A,N/A,N/A,N/A,N/A,N/A,N/A,N/A,N/A,N/A,N/A,N/A
2027,1.??,Unknown,plehv79,plehv79,N/A,0,False,N/A,N/A,N/A,N/A,N/A,N/A,N/A,N/A,N/A,N/A,N/A,N/A,N/A,N/A,N/A,False,N/A,N/A,N/A,N/A,N/A,N/A,N/A,N/A,N/A,N/A,N/A,N/A,N/A,N/A,N/A,N/A,N/A
2027,1.??,Unknown,LWebs53,LWebs53,N/A,0,False,N/A,N/A,N/A,N/A,N/A,N/A,N/A,N/A,N/A,N/A,N/A,N/A,N/A,N/A,N/A,False,N/A,N/A,N/A,N/A,N/A,N/A,N/A,N/A,N/A,N/A,N/A,N/A,N/A,N/A,N/A,N/A,N/A
2027,1.??,Unknown,Oliverwkw,Oliverwkw,N/A,0,False,N/A,N/A,N/A,N/A,N/A,N/A,N/A,N/A,N/A,N/A,N/A,N/A,N/A,N/A,N/A,False,N/A,N/A,N/A,N/A,N/A,N/A,N/A,N/A,N/A,N/A,N/A,N/A,N/A,N/A,N/A,N/A,N/A
2027,1.??,Unknown,plehv79,shmuel256,N/A,1,False,N/A,N/A,N/A,N/A,N/A,N/A,N/A,N/A,N/A,N/A,N/A,N/A,N/A,N/A,N/A,False,N/A,N/A,N/A,N/A,N/A,N/A,N/A,N/A,N/A,N/A,N/A,N/A,N/A,N/A,N/A,N/A,N/A
2027,2.??,Unknown,JacobRosenzweig,stevenb123,N/A,1,False,N/A,N/A,N/A,N/A,N/A,N/A,N/A,N/A,N/A,N/A,N/A,N/A,N/A,N/A,N/A,False,N/A,N/A,N/A,N/A,N/A,N/A,N/A,N/A,N/A,N/A,N/A,N/A,N/A,N/A,N/A,N/A,N/A
2027,2.??,Unknown,plehv79,JacobRosenzweig,N/A,1,False,N/A,N/A,N/A,N/A,N/A,N/A,N/A,N/A,N/A,N/A,N/A,N/A,N/A,N/A,N/A,False,N/A,N/A,N/A,N/A,N/A,N/A,N/A,N/A,N/A,N/A,N/A,N/A,N/A,N/A,N/A,N/A,N/A
2027,2.??,Unknown,LWebs53,AceMatthew,N/A,1,False,N/A,N/A,N/A,N/A,N/A,N/A,N/A,N/A,N/A,N/A,N/A,N/A,N/A,N/A,N/A,False,N/A,N/A,N/A,N/A,N/A,N/A,N/A,N/A,N/A,N/A,N/A,N/A,N/A,N/A,N/A,N/A,N/A
2027,2.??,Unknown,LWebs53,BROsenzweig,N/A,2,False,N/A,N/A,N/A,N/A,N/A,N/A,N/A,N/A,N/A,N/A,N/A,N/A,N/A,N/A,N/A,False,N/A,N/A,N/A,N/A,N/A,N/A,N/A,N/A,N/A,N/A,N/A,N/A,N/A,N/A,N/A,N/A,N/A
2027,2.??,Unknown,plehv79,plehv79,N/A,0,False,N/A,N/A,N/A,N/A,N/A,N/A,N/A,N/A,N/A,N/A,N/A,N/A,N/A,N/A,N/A,False,N/A,N/A,N/A,N/A,N/A,N/A,N/A,N/A,N/A,N/A,N/A,N/A,N/A,N/A,N/A,N/A,N/A
2027,2.??,Unknown,LWebs53,LWebs53,N/A,0,False,N/A,N/A,N/A,N/A,N/A,N/A,N/A,N/A,N/A,N/A,N/A,N/A,N/A,N/A,N/A,False,N/A,N/A,N/A,N/A,N/A,N/A,N/A,N/A,N/A,N/A,N/A,N/A,N/A,N/A,N/A,N/A,N/A
2027,2.??,Unknown,Oliverwkw,Oliverwkw,N/A,0,False,N/A,N/A,N/A,N/A,N/A,N/A,N/A,N/A,N/A,N/A,N/A,N/A,N/A,N/A,N/A,False,N/A,N/A,N/A,N/A,N/A,N/A,N/A,N/A,N/A,N/A,N/A,N/A,N/A,N/A,N/A,N/A,N/A
2027,2.??,Unknown,plehv79,shmuel256,N/A,1,False,N/A,N/A,N/A,N/A,N/A,N/A,N/A,N/A,N/A,N/A,N/A,N/A,N/A,N/A,N/A,False,N/A,N/A,N/A,N/A,N/A,N/A,N/A,N/A,N/A,N/A,N/A,N/A,N/A,N/A,N/A,N/A,N/A
2027,3.??,Unknown,JacobRosenzweig,stevenb123,N/A,3,False,N/A,N/A,N/A,N/A,N/A,N/A,N/A,N/A,N/A,N/A,N/A,N/A,N/A,N/A,N/A,False,N/A,N/A,N/A,N/A,N/A,N/A,N/A,N/A,N/A,N/A,N/A,N/A,N/A,N/A,N/A,N/A,N/A
2027,3.??,Unknown,JacobRosenzweig,JacobRosenzweig,N/A,0,False,N/A,N/A,N/A,N/A,N/A,N/A,N/A,N/A,N/A,N/A,N/A,N/A,N/A,N/A,N/A,False,N/A,N/A,N/A,N/A,N/A,N/A,N/A,N/A,N/A,N/A,N/A,N/A,N/A,N/A,N/A,N/A,N/A
2027,3.??,Unknown,AceMatthew,AceMatthew,N/A,0,False,N/A,N/A,N/A,N/A,N/A,N/A,N/A,N/A,N/A,N/A,N/A,N/A,N/A,N/A,N/A,False,N/A,N/A,N/A,N/A,N/A,N/A,N/A,N/A,N/A,N/A,N/A,N/A,N/A,N/A,N/A,N/A,N/A
2027,3.??,Unknown,plehv79,BROsenzweig,N/A,1,False,N/A,N/A,N/A,N/A,N/A,N/A,N/A,N/A,N/A,N/A,N/A,N/A,N/A,N/A,N/A,False,N/A,N/A,N/A,N/A,N/A,N/A,N/A,N/A,N/A,N/A,N/A,N/A,N/A,N/A,N/A,N/A,N/A
2027,3.??,Unknown,plehv79,plehv79,N/A,2,False,N/A,N/A,N/A,N/A,N/A,N/A,N/A,N/A,N/A,N/A,N/A,N/A,N/A,N/A,N/A,False,N/A,N/A,N/A,N/A,N/A,N/A,N/A,N/A,N/A,N/A,N/A,N/A,N/A,N/A,N/A,N/A,N/A
2027,3.??,Unknown,stevenb123,LWebs53,N/A,1,False,N/A,N/A,N/A,N/A,N/A,N/A,N/A,N/A,N/A,N/A,N/A,N/A,N/A,N/A,N/A,False,N/A,N/A,N/A,N/A,N/A,N/A,N/A,N/A,N/A,N/A,N/A,N/A,N/A,N/A,N/A,N/A,N/A
2027,3.??,Unknown,Oliverwkw,Oliverwkw,N/A,0,False,N/A,N/A,N/A,N/A,N/A,N/A,N/A,N/A,N/A,N/A,N/A,N/A,N/A,N/A,N/A,False,N/A,N/A,N/A,N/A,N/A,N/A,N/A,N/A,N/A,N/A,N/A,N/A,N/A,N/A,N/A,N/A,N/A
2027,3.??,Unknown,stevenb123,shmuel256,N/A,2,False,N/A,N/A,N/A,N/A,N/A,N/A,N/A,N/A,N/A,N/A,N/A,N/A,N/A,N/A,N/A,False,N/A,N/A,N/A,N/A,N/A,N/A,N/A,N/A,N/A,N/A,N/A,N/A,N/A,N/A,N/A,N/A,N/A
2027,4.??,Unknown,Oliverwkw,stevenb123,N/A,1,False,N/A,N/A,N/A,N/A,N/A,N/A,N/A,N/A,N/A,N/A,N/A,N/A,N/A,N/A,N/A,False,N/A,N/A,N/A,N/A,N/A,N/A,N/A,N/A,N/A,N/A,N/A,N/A,N/A,N/A,N/A,N/A,N/A
2027,4.??,Unknown,JacobRosenzweig,JacobRosenzweig,N/A,0,False,N/A,N/A,N/A,N/A,N/A,N/A,N/A,N/A,N/A,N/A,N/A,N/A,N/A,N/A,N/A,False,N/A,N/A,N/A,N/A,N/A,N/A,N/A,N/A,N/A,N/A,N/A,N/A,N/A,N/A,N/A,N/A,N/A
2027,4.??,Unknown,AceMatthew,AceMatthew,N/A,0,False,N/A,N/A,N/A,N/A,N/A,N/A,N/A,N/A,N/A,N/A,N/A,N/A,N/A,N/A,N/A,False,N/A,N/A,N/A,N/A,N/A,N/A,N/A,N/A,N/A,N/A,N/A,N/A,N/A,N/A,N/A,N/A,N/A
2027,4.??,Unknown,BROsenzweig,BROsenzweig,N/A,0,False,N/A,N/A,N/A,N/A,N/A,N/A,N/A,N/A,N/A,N/A,N/A,N/A,N/A,N/A,N/A,False,N/A,N/A,N/A,N/A,N/A,N/A,N/A,N/A,N/A,N/A,N/A,N/A,N/A,N/A,N/A,N/A,N/A
2027,4.??,Unknown,stevenb123,plehv79,N/A,2,False,N/A,N/A,N/A,N/A,N/A,N/A,N/A,N/A,N/A,N/A,N/A,N/A,N/A,N/A,N/A,False,N/A,N/A,N/A,N/A,N/A,N/A,N/A,N/A,N/A,N/A,N/A,N/A,N/A,N/A,N/A,N/A,N/A
2027,4.??,Unknown,LWebs53,LWebs53,N/A,6,False,N/A,N/A,N/A,N/A,N/A,N/A,N/A,N/A,N/A,N/A,N/A,N/A,N/A,N/A,N/A,False,N/A,N/A,N/A,N/A,N/A,N/A,N/A,N/A,N/A,N/A,N/A,N/A,N/A,N/A,N/A,N/A,N/A
2027,4.??,Unknown,AceMatthew,Oliverwkw,N/A,2,False,N/A,N/A,N/A,N/A,N/A,N/A,N/A,N/A,N/A,N/A,N/A,N/A,N/A,N/A,N/A,False,N/A,N/A,N/A,N/A,N/A,N/A,N/A,N/A,N/A,N/A,N/A,N/A,N/A,N/A,N/A,N/A,N/A
2027,4.??,Unknown,AceMatthew,shmuel256,N/A,4,False,N/A,N/A,N/A,N/A,N/A,N/A,N/A,N/A,N/A,N/A,N/A,N/A,N/A,N/A,N/A,False,N/A,N/A,N/A,N/A,N/A,N/A,N/A,N/A,N/A,N/A,N/A,N/A,N/A,N/A,N/A,N/A,N/A
2028,1.??,Unknown,plehv79,stevenb123,N/A,1,False,N/A,N/A,N/A,N/A,N/A,N/A,N/A,N/A,N/A,N/A,N/A,N/A,N/A,N/A,N/A,False,N/A,N/A,N/A,N/A,N/A,N/A,N/A,N/A,N/A,N/A,N/A,N/A,N/A,N/A,N/A,N/A,N/A
2028,1.??,Unknown,JacobRosenzweig,JacobRosenzweig,N/A,0,False,N/A,N/A,N/A,N/A,N/A,N/A,N/A,N/A,N/A,N/A,N/A,N/A,N/A,N/A,N/A,False,N/A,N/A,N/A,N/A,N/A,N/A,N/A,N/A,N/A,N/A,N/A,N/A,N/A,N/A,N/A,N/A,N/A
2028,1.??,Unknown,plehv79,AceMatthew,N/A,1,False,N/A,N/A,N/A,N/A,N/A,N/A,N/A,N/A,N/A,N/A,N/A,N/A,N/A,N/A,N/A,False,N/A,N/A,N/A,N/A,N/A,N/A,N/A,N/A,N/A,N/A,N/A,N/A,N/A,N/A,N/A,N/A,N/A
2028,1.??,Unknown,BROsenzweig,BROsenzweig,N/A,0,False,N/A,N/A,N/A,N/A,N/A,N/A,N/A,N/A,N/A,N/A,N/A,N/A,N/A,N/A,N/A,False,N/A,N/A,N/A,N/A,N/A,N/A,N/A,N/A,N/A,N/A,N/A,N/A,N/A,N/A,N/A,N/A,N/A
2028,1.??,Unknown,plehv79,plehv79,N/A,0,False,N/A,N/A,N/A,N/A,N/A,N/A,N/A,N/A,N/A,N/A,N/A,N/A,N/A,N/A,N/A,False,N/A,N/A,N/A,N/A,N/A,N/A,N/A,N/A,N/A,N/A,N/A,N/A,N/A,N/A,N/A,N/A,N/A
2028,1.??,Unknown,LWebs53,LWebs53,N/A,0,False,N/A,N/A,N/A,N/A,N/A,N/A,N/A,N/A,N/A,N/A,N/A,N/A,N/A,N/A,N/A,False,N/A,N/A,N/A,N/A,N/A,N/A,N/A,N/A,N/A,N/A,N/A,N/A,N/A,N/A,N/A,N/A,N/A
2028,1.??,Unknown,Oliverwkw,Oliverwkw,N/A,0,False,N/A,N/A,N/A,N/A,N/A,N/A,N/A,N/A,N/A,N/A,N/A,N/A,N/A,N/A,N/A,False,N/A,N/A,N/A,N/A,N/A,N/A,N/A,N/A,N/A,N/A,N/A,N/A,N/A,N/A,N/A,N/A,N/A
2028,1.??,Unknown,shmuel256,shmuel256,N/A,0,False,N/A,N/A,N/A,N/A,N/A,N/A,N/A,N/A,N/A,N/A,N/A,N/A,N/A,N/A,N/A,False,N/A,N/A,N/A,N/A,N/A,N/A,N/A,N/A,N/A,N/A,N/A,N/A,N/A,N/A,N/A,N/A,N/A
2028,2.??,Unknown,LWebs53,stevenb123,N/A,4,False,N/A,N/A,N/A,N/A,N/A,N/A,N/A,N/A,N/A,N/A,N/A,N/A,N/A,N/A,N/A,False,N/A,N/A,N/A,N/A,N/A,N/A,N/A,N/A,N/A,N/A,N/A,N/A,N/A,N/A,N/A,N/A,N/A
2028,2.??,Unknown,JacobRosenzweig,JacobRosenzweig,N/A,0,False,N/A,N/A,N/A,N/A,N/A,N/A,N/A,N/A,N/A,N/A,N/A,N/A,N/A,N/A,N/A,False,N/A,N/A,N/A,N/A,N/A,N/A,N/A,N/A,N/A,N/A,N/A,N/A,N/A,N/A,N/A,N/A,N/A
2028,2.??,Unknown,LWebs53,AceMatthew,N/A,1,False,N/A,N/A,N/A,N/A,N/A,N/A,N/A,N/A,N/A,N/A,N/A,N/A,N/A,N/A,N/A,False,N/A,N/A,N/A,N/A,N/A,N/A,N/A,N/A,N/A,N/A,N/A,N/A,N/A,N/A,N/A,N/A,N/A
2028,2.??,Unknown,plehv79,BROsenzweig,N/A,1,False,N/A,N/A,N/A,N/A,N/A,N/A,N/A,N/A,N/A,N/A,N/A,N/A,N/A,N/A,N/A,False,N/A,N/A,N/A,N/A,N/A,N/A,N/A,N/A,N/A,N/A,N/A,N/A,N/A,N/A,N/A,N/A,N/A
2028,2.??,Unknown,plehv79,plehv79,N/A,0,False,N/A,N/A,N/A,N/A,N/A,N/A,N/A,N/A,N/A,N/A,N/A,N/A,N/A,N/A,N/A,False,N/A,N/A,N/A,N/A,N/A,N/A,N/A,N/A,N/A,N/A,N/A,N/A,N/A,N/A,N/A,N/A,N/A
2028,2.??,Unknown,LWebs53,LWebs53,N/A,0,False,N/A,N/A,N/A,N/A,N/A,N/A,N/A,N/A,N/A,N/A,N/A,N/A,N/A,N/A,N/A,False,N/A,N/A,N/A,N/A,N/A,N/A,N/A,N/A,N/A,N/A,N/A,N/A,N/A,N/A,N/A,N/A,N/A
2028,2.??,Unknown,Oliverwkw,Oliverwkw,N/A,0,False,N/A,N/A,N/A,N/A,N/A,N/A,N/A,N/A,N/A,N/A,N/A,N/A,N/A,N/A,N/A,False,N/A,N/A,N/A,N/A,N/A,N/A,N/A,N/A,N/A,N/A,N/A,N/A,N/A,N/A,N/A,N/A,N/A
2028,2.??,Unknown,BROsenzweig,shmuel256,N/A,1,False,N/A,N/A,N/A,N/A,N/A,N/A,N/A,N/A,N/A,N/A,N/A,N/A,N/A,N/A,N/A,False,N/A,N/A,N/A,N/A,N/A,N/A,N/A,N/A,N/A,N/A,N/A,N/A,N/A,N/A,N/A,N/A,N/A
2028,3.??,Unknown,AceMatthew,stevenb123,N/A,2,False,N/A,N/A,N/A,N/A,N/A,N/A,N/A,N/A,N/A,N/A,N/A,N/A,N/A,N/A,N/A,False,N/A,N/A,N/A,N/A,N/A,N/A,N/A,N/A,N/A,N/A,N/A,N/A,N/A,N/A,N/A,N/A,N/A
2028,3.??,Unknown,JacobRosenzweig,JacobRosenzweig,N/A,0,False,N/A,N/A,N/A,N/A,N/A,N/A,N/A,N/A,N/A,N/A,N/A,N/A,N/A,N/A,N/A,False,N/A,N/A,N/A,N/A,N/A,N/A,N/A,N/A,N/A,N/A,N/A,N/A,N/A,N/A,N/A,N/A,N/A
2028,3.??,Unknown,plehv79,AceMatthew,N/A,1,False,N/A,N/A,N/A,N/A,N/A,N/A,N/A,N/A,N/A,N/A,N/A,N/A,N/A,N/A,N/A,False,N/A,N/A,N/A,N/A,N/A,N/A,N/A,N/A,N/A,N/A,N/A,N/A,N/A,N/A,N/A,N/A,N/A
2028,3.??,Unknown,BROsenzweig,BROsenzweig,N/A,0,False,N/A,N/A,N/A,N/A,N/A,N/A,N/A,N/A,N/A,N/A,N/A,N/A,N/A,N/A,N/A,False,N/A,N/A,N/A,N/A,N/A,N/A,N/A,N/A,N/A,N/A,N/A,N/A,N/A,N/A,N/A,N/A,N/A
2028,3.??,Unknown,stevenb123,plehv79,N/A,1,False,N/A,N/A,N/A,N/A,N/A,N/A,N/A,N/A,N/A,N/A,N/A,N/A,N/A,N/A,N/A,False,N/A,N/A,N/A,N/A,N/A,N/A,N/A,N/A,N/A,N/A,N/A,N/A,N/A,N/A,N/A,N/A,N/A
2028,3.??,Unknown,stevenb123,LWebs53,N/A,1,False,N/A,N/A,N/A,N/A,N/A,N/A,N/A,N/A,N/A,N/A,N/A,N/A,N/A,N/A,N/A,False,N/A,N/A,N/A,N/A,N/A,N/A,N/A,N/A,N/A,N/A,N/A,N/A,N/A,N/A,N/A,N/A,N/A
2028,3.??,Unknown,stevenb123,Oliverwkw,N/A,1,False,N/A,N/A,N/A,N/A,N/A,N/A,N/A,N/A,N/A,N/A,N/A,N/A,N/A,N/A,N/A,False,N/A,N/A,N/A,N/A,N/A,N/A,N/A,N/A,N/A,N/A,N/A,N/A,N/A,N/A,N/A,N/A,N/A
2028,3.??,Unknown,AceMatthew,shmuel256,N/A,2,False,N/A,N/A,N/A,N/A,N/A,N/A,N/A,N/A,N/A,N/A,N/A,N/A,N/A,N/A,N/A,False,N/A,N/A,N/A,N/A,N/A,N/A,N/A,N/A,N/A,N/A,N/A,N/A,N/A,N/A,N/A,N/A,N/A
2028,4.??,Unknown,JacobRosenzweig,stevenb123,N/A,2,False,N/A,N/A,N/A,N/A,N/A,N/A,N/A,N/A,N/A,N/A,N/A,N/A,N/A,N/A,N/A,False,N/A,N/A,N/A,N/A,N/A,N/A,N/A,N/A,N/A,N/A,N/A,N/A,N/A,N/A,N/A,N/A,N/A
2028,4.??,Unknown,JacobRosenzweig,JacobRosenzweig,N/A,0,False,N/A,N/A,N/A,N/A,N/A,N/A,N/A,N/A,N/A,N/A,N/A,N/A,N/A,N/A,N/A,False,N/A,N/A,N/A,N/A,N/A,N/A,N/A,N/A,N/A,N/A,N/A,N/A,N/A,N/A,N/A,N/A,N/A
2028,4.??,Unknown,AceMatthew,AceMatthew,N/A,0,False,N/A,N/A,N/A,N/A,N/A,N/A,N/A,N/A,N/A,N/A,N/A,N/A,N/A,N/A,N/A,False,N/A,N/A,N/A,N/A,N/A,N/A,N/A,N/A,N/A,N/A,N/A,N/A,N/A,N/A,N/A,N/A,N/A
2028,4.??,Unknown,Oliverwkw,BROsenzweig,N/A,1,False,N/A,N/A,N/A,N/A,N/A,N/A,N/A,N/A,N/A,N/A,N/A,N/A,N/A,N/A,N/A,False,N/A,N/A,N/A,N/A,N/A,N/A,N/A,N/A,N/A,N/A,N/A,N/A,N/A,N/A,N/A,N/A,N/A
2028,4.??,Unknown,shmuel256,plehv79,N/A,1,False,N/A,N/A,N/A,N/A,N/A,N/A,N/A,N/A,N/A,N/A,N/A,N/A,N/A,N/A,N/A,False,N/A,N/A,N/A,N/A,N/A,N/A,N/A,N/A,N/A,N/A,N/A,N/A,N/A,N/A,N/A,N/A,N/A
2028,4.??,Unknown,Oliverwkw,LWebs53,N/A,2,False,N/A,N/A,N/A,N/A,N/A,N/A,N/A,N/A,N/A,N/A,N/A,N/A,N/A,N/A,N/A,False,N/A,N/A,N/A,N/A,N/A,N/A,N/A,N/A,N/A,N/A,N/A,N/A,N/A,N/A,N/A,N/A,N/A
2028,4.??,Unknown,Oliverwkw,Oliverwkw,N/A,0,False,N/A,N/A,N/A,N/A,N/A,N/A,N/A,N/A,N/A,N/A,N/A,N/A,N/A,N/A,N/A,False,N/A,N/A,N/A,N/A,N/A,N/A,N/A,N/A,N/A,N/A,N/A,N/A,N/A,N/A,N/A,N/A,N/A
2028,4.??,Unknown,JacobRosenzweig,shmuel256,N/A,2,False,N/A,N/A,N/A,N/A,N/A,N/A,N/A,N/A,N/A,N/A,N/A,N/A,N/A,N/A,N/A,False,N/A,N/A,N/A,N/A,N/A,N/A,N/A,N/A,N/A,N/A,N/A,N/A,N/A,N/A,N/A,N/A,N/A
startup,1.01,Christian McCaffrey,Oliverwkw,Oliverwkw,41,0,False,22.69,23.3,8.7025,22.44,23.05,9.34,74.2222,30.2759,0.6119,937.46,22.86,23.49,7.7125,N/A,24.22,False,0.9762,N/A,N/A,N/A,N/A,N/A,N/A,N/A,N/A,N/A,N/A,N/A,N/A,1344.0,0,T#226,N/A
startup,1.02,Saquon Barkley,LWebs53,LWebs53,2,0,False,7.7,7.91,-8.6113,16.8,17.25,2.815,18.08,-32.8841,0.1429,15.4,7.7,7.91,-9.815,N/A,23.55,False,1.0,N/A,N/A,N/A,N/A,N/A,N/A,N/A,N/A,N/A,N/A,N/A,N/A,110.0,0,T#48,N/A
startup,1.03,Ezekiel Elliott,JacobRosenzweig,JacobRosenzweig,41,0,False,11.03,11.33,-4.7637,11.06,11.36,-3.8112,26.077,-23.8874,0.4881,582.46,14.21,14.59,-2.3,N/A,25.1,False,0.5467,N/A,N/A,N/A,N/A,N/A,N/A,N/A,N/A,N/A,N/A,N/A,N/A,2131.0,0,#399,N/A
startup,1.04,Dalvin Cook,AceMatthew,AceMatthew,10,0,False,24.95,25.63,11.3238,13.56,13.93,-0.92,93.9767,52.4997,0.8333,249.5,24.95,25.63,10.12,N/A,25.05,False,1.0,N/A,N/A,N/A,N/A,N/A,N/A,N/A,N/A,N/A,N/A,N/A,N/A,93.0,0,T#4,N/A
startup,1.05,Lamar Jackson,stevenb123,stevenb123,38,0,False,20.17,16.17,0.6813,20.92,16.77,2.275,56.9184,10.8091,0.76,766.62,20.17,16.17,-0.5225,N/A,23.64,False,1.0,N/A,N/A,N/A,N/A,N/A,N/A,N/A,N/A,N/A,N/A,N/A,N/A,1018.0,0,T#278,N/A
startup,1.06,Patrick Mahomes,plehv79,plehv79,92,0,False,21.07,16.89,1.4513,21.13,16.94,2.875,64.2029,17.2921,0.9109,1917.96,20.85,16.71,-0.0325,N/A,24.95,False,0.9892,N/A,N/A,N/A,N/A,N/A,N/A,N/A,N/A,N/A,N/A,N/A,N/A,2131.0,0,N/A,N/A
startup,1.07,Michael Thomas,BROsenzweig,BROsenzweig,15,0,False,11.05,11.5,-5.1762,11.05,11.5,-2.2925,24.6306,-29.0179,0.2239,189.8,12.65,13.16,-4.4475,N/A,27.49,False,0.75,N/A,N/A,N/A,N/A,N/A,N/A,N/A,N/A,N/A,N/A,N/A,N/A,1403.0,0,T#73,N/A
startup,1.08,Clyde Edwards-Helaire,shmuel256,shmuel256,6,0,False,13.87,14.25,-2.74,8.59,8.83,-5.95,33.0341,-23.5629,0.5,97.5,16.25,16.69,-0.7237,N/A,21.38,False,0.5455,N/A,N/A,N/A,N/A,N/A,N/A,N/A,N/A,N/A,N/A,N/A,N/A,95.0,0,T#258,N/A
startup,2.08,Alvin Kamara,shmuel256,shmuel256,21,0,False,22.77,23.39,3.52,17.53,18.01,-0.3975,89.4922,20.1763,0.913,496.8,23.66,24.3,4.34,N/A,25.1,False,1.0,N/A,N/A,N/A,N/A,N/A,N/A,N/A,N/A,N/A,N/A,N/A,N/A,425.0,0,T#327,N/A
startup,2.07,Derrick Henry,BROsenzweig,BROsenzweig,38,0,False,20.14,20.68,1.2275,18.43,18.93,1.5775,72.7936,3.3052,0.76,776.36,20.43,20.99,1.5537,N/A,26.65,False,1.0,N/A,N/A,N/A,N/A,N/A,N/A,N/A,N/A,N/A,N/A,N/A,N/A,1053.0,0,T#58,N/A
startup,2.06,Tyreek Hill,plehv79,plehv79,31,0,False,19.81,20.6,0.5687,18.96,19.73,2.0688,79.903,9.1744,0.9394,621.2,20.04,20.85,0.7275,N/A,26.49,False,1.0,N/A,N/A,N/A,N/A,N/A,N/A,N/A,N/A,N/A,N/A,N/A,N/A,686.0,0,T#144,N/A
startup,2.05,Austin Ekeler,stevenb123,stevenb123,24,0,False,19.47,19.99,1.47,16.7,17.15,0.3637,69.0564,4.9631,0.7273,460.1,19.17,19.69,0.5538,N/A,25.28,False,1.0,N/A,N/A,N/A,N/A,N/A,N/A,N/A,N/A,N/A,N/A,N/A,N/A,695.0,0,T#205,N/A
startup,2.04,Josh Jacobs,AceMatthew,AceMatthew,82,0,False,16.15,16.59,-1.9163,16.15,16.59,0.945,58.0687,-4.3385,0.8119,1322.7,16.13,16.57,-2.6288,N/A,22.54,False,0.9318,N/A,N/A,N/A,N/A,N/A,N/A,N/A,N/A,N/A,N/A,N/A,N/A,2131.0,0,N/A,N/A
startup,2.03,Julio Jones,JacobRosenzweig,JacobRosenzweig,17,0,False,11.94,12.42,-5.1213,9.26,9.63,-6.0713,32.4091,-25.0979,0.5152,184.3,10.84,11.28,-7.1875,N/A,31.55,False,0.7222,N/A,N/A,N/A,N/A,N/A,N/A,N/A,N/A,N/A,N/A,N/A,N/A,674.0,0,T#102,N/A
startup,2.02,Davante Adams,LWebs53,LWebs53,31,0,False,22.71,23.62,7.9525,19.02,19.78,5.5962,87.9189,38.4245,0.8611,728.1,23.49,24.43,8.1412,N/A,27.68,False,1.0,N/A,N/A,N/A,N/A,N/A,N/A,N/A,N/A,N/A,N/A,N/A,N/A,757.0,0,T#147,N/A
startup,2.01,Nick Chubb,Oliverwkw,Oliverwkw,50,0,False,12.75,13.1,-3.3288,12.75,13.1,-1.5488,34.6506,-18.6293,0.495,747.7,14.95,15.36,-1.4775,N/A,24.67,False,0.7692,N/A,N/A,N/A,N/A,N/A,N/A,N/A,N/A,N/A,N/A,N/A,N/A,2131.0,0,N/A,N/A
startup,3.01,George Kittle,Oliverwkw,Oliverwkw,46,0,False,12.98,17.76,-2.8087,13.53,18.52,0.3687,57.5106,-15.8164,0.6866,649.0,14.11,19.31,-1.2888,N/A,26.89,False,0.92,N/A,N/A,N/A,N/A,N/A,N/A,N/A,N/A,N/A,N/A,N/A,N/A,1340.0,0,T#225,N/A
startup,3.02,Travis Kelce,LWebs53,LWebs53,61,0,False,18.85,25.8,7.0062,16.57,22.68,5.435,98.5791,35.7201,0.9104,1088.06,17.84,24.41,4.9737,N/A,30.9,False,1.0,N/A,N/A,N/A,N/A,N/A,N/A,N/A,N/A,N/A,N/A,N/A,N/A,1354.0,0,T#69,N/A
startup,3.03,Mark Andrews,JacobRosenzweig,JacobRosenzweig,44,0,False,13.94,19.07,-0.0437,12.07,16.51,-0.5725,70.8884,8.1835,0.88,613.5,13.94,19.08,-0.4775,N/A,24.98,False,0.9773,N/A,N/A,N/A,N/A,N/A,N/A,N/A,N/A,N/A,N/A,N/A,N/A,1090.0,0,T#107,N/A
startup,3.04,Joe Mixon,AceMatthew,AceMatthew,13,0,False,17.98,18.47,0.0538,16.7,17.15,0.8287,47.7271,-14.6438,0.4643,237.7,18.28,18.78,-0.0825,N/A,24.1,False,0.7647,N/A,N/A,N/A,N/A,N/A,N/A,N/A,N/A,N/A,N/A,N/A,N/A,463.0,0,T#8,N/A
startup,3.05,Chris Godwin,stevenb123,stevenb123,25,0,False,15.91,16.55,-1.2338,14.47,15.05,-1.205,58.1758,0.913,0.7576,401.1,16.04,16.69,-1.475,N/A,24.5,False,1.0,N/A,N/A,N/A,N/A,N/A,N/A,N/A,N/A,N/A,N/A,N/A,N/A,699.0,0,T#262,N/A
startup,3.06,Deshaun Watson,plehv79,plehv79,22,0,False,17.25,13.83,-4.1363,17.54,14.06,-2.055,26.3811,-33.4769,0.2619,425.14,19.32,15.49,-2.5412,N/A,24.96,False,0.5116,N/A,N/A,N/A,N/A,N/A,N/A,N/A,N/A,N/A,N/A,N/A,N/A,2131.0,0,#1081,N/A
startup,3.07,DeAndre Hopkins,BROsenzweig,BROsenzweig,44,0,False,15.79,16.43,0.13,11.79,12.26,-2.8013,50.9801,0.8788,0.6984,697.5,15.85,16.49,-0.2662,N/A,28.23,False,0.8269,N/A,N/A,N/A,N/A,N/A,N/A,N/A,N/A,N/A,N/A,N/A,N/A,1194.0,0,T#63,N/A
startup,3.08,Russell Wilson,shmuel256,shmuel256,33,0,False,18.09,14.5,-0.89,16.82,13.48,-0.275,46.9596,2.4606,0.7333,623.0,18.88,15.13,-0.4563,N/A,31.75,False,0.8684,N/A,N/A,N/A,N/A,N/A,N/A,N/A,N/A,N/A,N/A,N/A,N/A,824.0,0,T#272,N/A
startup,4.08,Miles Sanders,shmuel256,shmuel256,2,0,False,14.8,15.2,0.605,9.58,9.84,-2.3425,50.6667,4.8143,0.6667,34.8,17.4,17.87,3.06,N/A,23.33,False,1.0,N/A,N/A,N/A,N/A,N/A,N/A,N/A,N/A,N/A,N/A,N/A,N/A,33.0,1,T#47,N/A
startup,4.07,Aaron Jones,BROsenzweig,BROsenzweig,11,0,False,18.63,19.14,5.2825,14.5,14.89,2.8862,68.3571,27.5905,0.7857,198.8,18.07,18.56,3.9837,N/A,25.74,False,1.0,N/A,N/A,N/A,N/A,N/A,N/A,N/A,N/A,N/A,N/A,N/A,N/A,110.0,0,T#48,N/A
startup,4.06,Jonathan Taylor,plehv79,plehv79,34,0,False,18.58,19.09,4.2625,18.19,18.69,6.215,71.4651,27.5482,0.8718,623.2,18.33,18.83,3.7037,N/A,21.61,False,1.0,N/A,N/A,N/A,N/A,N/A,N/A,N/A,N/A,N/A,N/A,N/A,N/A,786.0,0,T#267,N/A
startup,4.05,Kenyan Drake,stevenb123,stevenb123,9,0,False,12.85,13.2,-2.545,9.78,10.04,-3.6788,37.95,-12.7939,0.6429,121.4,13.49,13.86,-2.1163,N/A,26.59,False,0.75,N/A,N/A,N/A,N/A,N/A,N/A,N/A,N/A,N/A,N/A,N/A,N/A,110.0,0,T#136,N/A
startup,4.02,Mike Evans,LWebs53,LWebs53,23,0,False,15.86,16.5,1.7012,15.78,16.41,3.455,46.4779,1.4797,0.6389,376.7,16.38,17.04,2.04,N/A,27.02,False,0.7188,N/A,N/A,N/A,N/A,N/A,N/A,N/A,N/A,N/A,N/A,N/A,N/A,757.0,1,T#147,N/A
startup,4.03,Adam Thielen,JacobRosenzweig,JacobRosenzweig,38,0,False,14.49,15.07,-0.5713,11.97,12.45,-1.1038,45.1244,-5.29,0.6909,555.5,14.62,15.21,-0.4025,N/A,30.02,False,0.7708,N/A,N/A,N/A,N/A,N/A,N/A,N/A,N/A,N/A,N/A,N/A,N/A,1137.0,0,T#108,N/A
startup,4.04,Kenny Golladay,AceMatthew,AceMatthew,9,0,False,9.48,9.86,-6.2787,7.0,7.28,-6.6175,22.0496,-31.21,0.3214,72.3,8.03,8.36,-8.2812,N/A,26.82,False,0.6923,N/A,N/A,N/A,N/A,N/A,N/A,N/A,N/A,N/A,N/A,N/A,N/A,463.0,3,T#7,N/A
startup,4.01,Kyler Murray,Oliverwkw,Oliverwkw,40,0,False,20.46,16.41,1.9175,19.19,15.38,2.7513,59.076,17.3137,0.8,829.86,20.75,16.63,1.8462,N/A,23.06,False,1.0,N/A,N/A,N/A,N/A,N/A,N/A,N/A,N/A,N/A,N/A,N/A,N/A,1000.0,0,T#212,N/A
startup,5.01,Chris Carson,Oliverwkw,Oliverwkw,15,0,False,14.3,14.69,-0.1525,14.42,14.81,2.61,42.7345,-2.9166,0.4545,223.6,14.91,15.31,-0.4575,N/A,25.95,False,1.0,N/A,N/A,N/A,N/A,N/A,N/A,N/A,N/A,N/A,N/A,N/A,N/A,2131.0,0,#869,N/A
startup,5.04,Allen Robinson,AceMatthew,AceMatthew,7,0,False,16.38,17.03,2.8188,8.48,8.83,-4.5525,68.12,30.5424,1.0,110.3,15.76,16.39,0.8812,N/A,27.01,False,1.0,N/A,N/A,N/A,N/A,N/A,N/A,N/A,N/A,N/A,N/A,N/A,N/A,62.0,0,T#3,N/A
startup,5.03,JuJu Smith-Schuster,JacobRosenzweig,JacobRosenzweig,24,0,False,8.45,8.79,-6.5425,8.5,8.84,-4.2613,18.1675,-28.3981,0.3582,285.3,11.89,12.37,-3.4375,N/A,23.76,False,0.5217,N/A,N/A,N/A,N/A,N/A,N/A,N/A,N/A,N/A,N/A,N/A,N/A,2131.0,0,#384,N/A
startup,5.02,DJ Moore,LWebs53,LWebs53,16,0,False,14.39,14.96,-0.3162,13.54,14.08,0.9688,37.9754,-10.8733,0.5714,227.7,14.23,14.8,-1.4662,N/A,23.37,False,0.6154,N/A,N/A,N/A,N/A,N/A,N/A,N/A,N/A,N/A,N/A,N/A,N/A,2131.0,0,#522,N/A
startup,5.05,J.K. Dobbins,stevenb123,stevenb123,1,0,False,11.03,11.33,-4.2237,12.06,12.39,-1.4262,12.5071,-34.355,0.0303,13.1,13.1,13.46,-2.6387,N/A,21.7,False,0.0714,N/A,N/A,N/A,N/A,N/A,N/A,N/A,N/A,N/A,N/A,N/A,N/A,647.0,14,T#331,N/A
startup,5.06,A.J. Brown,plehv79,plehv79,66,0,False,16.29,16.94,2.0175,15.96,16.6,3.22,58.7714,19.235,0.7857,1100.4,16.67,17.34,1.9213,N/A,23.16,False,0.9429,N/A,N/A,N/A,N/A,N/A,N/A,N/A,N/A,N/A,N/A,N/A,N/A,1797.0,0,T#182,N/A
startup,5.07,Zach Ertz,BROsenzweig,BROsenzweig,20,0,False,9.77,13.37,-2.1538,9.77,13.37,-0.1488,33.3927,-11.5892,0.4348,186.1,9.3,12.73,-3.3,N/A,29.8,False,0.7407,N/A,N/A,N/A,N/A,N/A,N/A,N/A,N/A,N/A,N/A,N/A,N/A,2131.0,0,#177,N/A
startup,5.08,Darren Waller,shmuel256,shmuel256,28,0,False,13.45,18.41,3.3238,12.52,17.13,3.6537,46.4059,1.9644,0.4828,413.2,14.76,20.19,5.16,N/A,27.96,False,0.7,N/A,N/A,N/A,N/A,N/A,N/A,N/A,N/A,N/A,N/A,N/A,N/A,1160.0,0,T#221,N/A
startup,6.08,Robert Woods,shmuel256,shmuel256,22,0,False,15.1,15.7,3.78,8.69,9.05,-2.5712,53.7351,22.7077,0.7857,350.1,15.91,16.55,4.6525,N/A,28.38,False,0.9167,N/A,N/A,N/A,N/A,N/A,N/A,N/A,N/A,N/A,N/A,N/A,N/A,463.0,0,T#7,N/A
startup,6.07,Amari Cooper,BROsenzweig,BROsenzweig,42,0,False,14.34,14.92,2.7937,13.23,13.76,3.1488,53.0754,20.5037,0.84,625.1,14.88,15.48,3.485,N/A,26.2,False,0.9333,N/A,N/A,N/A,N/A,N/A,N/A,N/A,N/A,N/A,N/A,N/A,N/A,980.0,0,T#56,N/A
startup,6.06,Cam Akers,plehv79,plehv79,5,0,False,7.94,8.15,-6.0137,7.73,7.94,-4.6125,11.4386,-29.3081,0.1111,17.1,3.42,3.51,-10.8525,N/A,21.19,False,0.2632,N/A,N/A,N/A,N/A,N/A,N/A,N/A,N/A,N/A,N/A,N/A,N/A,824.0,0,T#273,N/A
startup,6.05,D'Andre Swift,stevenb123,stevenb123,5,0,False,14.45,14.84,0.505,13.72,14.09,1.3925,27.5931,-15.8039,0.3125,78.9,15.78,16.21,2.4988,N/A,21.62,False,0.4167,N/A,N/A,N/A,N/A,N/A,N/A,N/A,N/A,N/A,N/A,N/A,N/A,366.0,6,T#101,N/A
startup,6.04,Courtland Sutton,AceMatthew,AceMatthew,16,0,False,9.93,10.33,-5.1337,11.79,12.26,-1.0312,26.858,-16.6584,0.4444,181.9,11.37,11.83,-3.2237,N/A,24.88,False,0.8,N/A,N/A,N/A,N/A,N/A,N/A,N/A,N/A,N/A,N/A,N/A,N/A,761.0,16,T#11,N/A
startup,6.03,Tyler Lockett,JacobRosenzweig,JacobRosenzweig,37,0,False,15.57,16.2,1.7612,11.49,11.96,-1.9087,56.16,18.8492,0.8222,536.3,14.49,15.08,0.91,N/A,27.92,False,0.9024,N/A,N/A,N/A,N/A,N/A,N/A,N/A,N/A,N/A,N/A,N/A,N/A,826.0,0,T#104,N/A
startup,6.02,James Conner,LWebs53,LWebs53,12,0,False,14.85,15.25,0.44,15.12,15.53,1.7525,30.3934,-10.8503,0.3636,160.6,13.38,13.75,-0.8188,N/A,25.32,False,0.4615,N/A,N/A,N/A,N/A,N/A,N/A,N/A,N/A,N/A,N/A,N/A,N/A,672.0,0,T#143,N/A
startup,6.01,Cooper Kupp,Oliverwkw,Oliverwkw,50,0,False,19.46,20.24,5.6562,16.22,16.87,2.7037,69.3296,32.8194,0.7463,945.0,18.9,19.66,4.5862,N/A,27.2,False,0.9615,N/A,N/A,N/A,N/A,N/A,N/A,N/A,N/A,N/A,N/A,N/A,N/A,1344.0,0,T#226,N/A
startup,7.01,Terry McLaurin,Oliverwkw,Oliverwkw,58,0,False,13.36,13.89,1.3525,13.66,14.21,3.465,46.1862,12.4371,0.7945,771.0,13.29,13.83,1.275,N/A,24.95,False,0.8529,N/A,N/A,N/A,N/A,N/A,N/A,N/A,N/A,N/A,N/A,N/A,N/A,1511.0,0,T#239,N/A
startup,7.02,David Johnson,LWebs53,LWebs53,6,0,False,11.86,12.18,0.1987,9.31,9.56,-1.09,31.9725,-1.9914,0.5,71.1,11.85,12.17,-0.125,N/A,28.7,False,0.75,N/A,N/A,N/A,N/A,N/A,N/A,N/A,N/A,N/A,N/A,N/A,N/A,93.0,0,T#4,N/A
startup,7.03,Le'Veon Bell,JacobRosenzweig,JacobRosenzweig,1,0,False,5.56,5.72,-7.7288,5.67,5.82,-5.7025,6.63,-33.7351,0.0625,6.6,6.6,6.78,-7.0212,N/A,28.53,False,0.0909,N/A,N/A,N/A,N/A,N/A,N/A,N/A,N/A,N/A,N/A,N/A,N/A,2131.0,0,#354,N/A
startup,7.04,Dak Prescott,AceMatthew,AceMatthew,59,0,False,19.12,15.33,3.62,19.12,15.33,5.53,44.4658,13.8957,0.5842,1130.96,19.17,15.37,3.4088,N/A,27.08,False,0.831,N/A,N/A,N/A,N/A,N/A,N/A,N/A,N/A,N/A,N/A,N/A,N/A,2131.0,0,N/A,N/A
startup,7.05,Antonio Gibson,stevenb123,stevenb123,16,0,False,13.1,13.46,2.0213,10.13,10.41,-0.3313,41.0823,14.0005,0.6957,223.9,13.99,14.37,3.2625,N/A,22.18,False,0.8,N/A,N/A,N/A,N/A,N/A,N/A,N/A,N/A,N/A,N/A,N/A,N/A,425.0,4,T#327,N/A
startup,7.06,Odell Beckham,plehv79,plehv79,8,0,False,8.34,8.68,-3.9175,8.34,8.68,-2.4825,15.0979,-16.688,0.2424,95.92,11.99,12.47,0.4388,N/A,27.81,False,0.4,N/A,N/A,N/A,N/A,N/A,N/A,N/A,N/A,N/A,N/A,N/A,N/A,2131.0,0,#1010,N/A
startup,7.07,Todd Gurley,BROsenzweig,BROsenzweig,2,0,False,13.07,13.43,1.3313,10.88,11.18,-0.135,37.3056,7.697,0.6667,19.8,9.9,10.17,-2.315,N/A,26.07,False,0.6667,N/A,N/A,N/A,N/A,N/A,N/A,N/A,N/A,N/A,N/A,N/A,N/A,33.0,0,T#47,N/A
startup,7.08,Devin Singletary,shmuel256,shmuel256,2,0,False,10.34,10.62,-2.6787,9.24,9.49,-2.8725,12.5509,-22.4802,0.0833,18.2,9.1,9.35,-4.0938,N/A,22.98,False,0.0909,N/A,N/A,N/A,N/A,N/A,N/A,N/A,N/A,N/A,N/A,N/A,N/A,1523.0,10,#1129,N/A
startup,8.08,DJ Chark,shmuel256,shmuel256,5,0,False,9.04,9.41,-2.425,9.04,9.41,-1.6738,13.5372,-13.6017,0.1389,45.2,9.04,9.4,-3.8112,N/A,23.93,False,0.2632,N/A,N/A,N/A,N/A,N/A,N/A,N/A,N/A,N/A,N/A,N/A,N/A,2131.0,0,#1178,N/A
startup,8.07,Carson Wentz,BROsenzweig,BROsenzweig,7,0,False,14.43,11.57,-0.4825,14.7,11.78,0.4625,16.3341,-12.5078,0.1707,91.98,13.14,10.53,-3.2175,N/A,27.66,False,0.2059,N/A,N/A,N/A,N/A,N/A,N/A,N/A,N/A,N/A,N/A,N/A,N/A,2131.0,0,#192,N/A
startup,8.06,DK Metcalf,plehv79,plehv79,38,0,False,15.27,15.89,2.8788,14.28,14.85,2.7338,57.0595,27.1772,0.8636,580.5,15.28,15.89,1.45,N/A,22.7,False,0.9268,N/A,N/A,N/A,N/A,N/A,N/A,N/A,N/A,N/A,N/A,N/A,N/A,818.0,2,T#54,N/A
startup,8.05,Zack Moss,stevenb123,stevenb123,1,0,False,9.34,9.59,-4.2475,8.41,8.63,-4.3025,10.7408,-25.6089,0.05,12.8,12.8,13.15,-0.565,N/A,22.7,False,0.0667,N/A,N/A,N/A,N/A,N/A,N/A,N/A,N/A,N/A,N/A,N/A,N/A,404.0,8,#1305,N/A
startup,8.02,Keenan Allen,LWebs53,LWebs53,45,0,False,17.67,18.38,6.465,15.24,15.85,4.565,57.8349,30.6828,0.6716,835.66,18.57,19.32,7.21,N/A,28.34,False,0.8824,N/A,N/A,N/A,N/A,N/A,N/A,N/A,N/A,N/A,N/A,N/A,N/A,1354.0,0,T#22,N/A
startup,8.03,Drew Brees,JacobRosenzweig,JacobRosenzweig,9,0,False,16.14,12.94,-0.0163,16.57,13.28,1.2862,36.7614,6.8206,0.5625,151.62,16.85,13.5,0.905,N/A,41.62,False,0.8182,N/A,N/A,N/A,N/A,N/A,N/A,N/A,N/A,N/A,N/A,N/A,N/A,2131.0,0,#393,N/A
startup,8.04,Hunter Henry,AceMatthew,AceMatthew,13,0,False,9.14,12.51,0.0025,9.14,12.51,0.6413,25.2553,-3.1527,0.3939,129.5,9.96,13.63,1.1475,N/A,25.72,False,0.4483,N/A,N/A,N/A,N/A,N/A,N/A,N/A,N/A,N/A,N/A,N/A,N/A,2131.0,0,#50,N/A
startup,8.01,Marquise Brown,Oliverwkw,Oliverwkw,6,0,False,11.2,11.66,-0.7913,11.2,11.66,0.4063,22.4455,-7.1331,0.375,50.3,8.38,8.72,-4.525,N/A,23.23,False,0.4,N/A,N/A,N/A,N/A,N/A,N/A,N/A,N/A,N/A,N/A,N/A,N/A,2131.0,2,#836,N/A
startup,9.01,Calvin Ridley,Oliverwkw,Oliverwkw,19,0,False,17.63,18.34,6.84,13.58,14.12,3.3437,61.57,36.4021,0.6786,342.0,18.0,18.73,6.0275,N/A,25.69,False,1.0,N/A,N/A,N/A,N/A,N/A,N/A,N/A,N/A,N/A,N/A,N/A,N/A,463.0,0,T#201,N/A
startup,9.02,Melvin Gordon,LWebs53,LWebs53,2,0,False,11.05,11.35,-1.975,11.05,11.35,-0.44,17.025,-18.3577,0.2,33.6,16.8,17.26,3.8788,N/A,27.38,False,0.25,N/A,N/A,N/A,N/A,N/A,N/A,N/A,N/A,N/A,N/A,N/A,N/A,2131.0,2,#435,N/A
startup,9.03,Mark Ingram,JacobRosenzweig,JacobRosenzweig,2,0,False,6.22,6.39,-7.955,6.22,6.39,-6.555,8.7863,-29.7553,0.125,16.4,8.2,8.42,-6.4175,N/A,30.69,False,0.2222,N/A,N/A,N/A,N/A,N/A,N/A,N/A,N/A,N/A,N/A,N/A,N/A,2131.0,3,#358,N/A
startup,9.04,T.Y. Hilton,AceMatthew,AceMatthew,3,0,False,8.69,9.04,-5.0175,8.69,9.04,-3.5938,20.34,-19.5432,0.5,23.3,7.77,8.08,-6.5188,N/A,30.79,False,0.5,N/A,N/A,N/A,N/A,N/A,N/A,N/A,N/A,N/A,N/A,N/A,N/A,2131.0,0,#11,N/A
startup,9.05,Deebo Samuel,stevenb123,stevenb123,20,0,False,18.03,18.76,5.995,14.19,14.76,2.9187,57.5203,22.878,0.6061,363.2,18.16,18.89,6.8175,N/A,24.62,False,0.9091,N/A,N/A,N/A,N/A,N/A,N/A,N/A,N/A,N/A,N/A,N/A,N/A,674.0,4,T#102,N/A
startup,9.06,David Montgomery,plehv79,plehv79,10,0,False,16.74,17.2,4.5762,13.6,13.97,1.8288,47.9143,13.396,0.625,166.6,16.66,17.11,5.1487,N/A,23.23,False,0.7143,N/A,N/A,N/A,N/A,N/A,N/A,N/A,N/A,N/A,N/A,N/A,N/A,366.0,2,T#5,N/A
startup,9.07,Josh Allen,BROsenzweig,BROsenzweig,95,0,False,23.82,19.09,6.83,23.87,19.13,7.7612,74.0919,43.0957,0.9406,2216.24,23.33,18.7,7.7187,N/A,24.27,False,1.0,N/A,N/A,N/A,N/A,N/A,N/A,N/A,N/A,N/A,N/A,N/A,N/A,2131.0,0,N/A,N/A
startup,9.08,Daniel Jones,shmuel256,shmuel256,4,0,False,14.87,11.92,-1.87,14.9,11.94,-0.8563,38.6208,1.7972,0.8,41.34,10.34,8.28,-4.68,N/A,23.26,False,0.8,N/A,N/A,N/A,N/A,N/A,N/A,N/A,N/A,N/A,N/A,N/A,N/A,2131.0,0,#1120,N/A
startup,10.08,Jarvis Landry,shmuel256,shmuel256,2,0,False,9.2,9.57,-3.62,10.93,11.37,-2.14,14.036,-8.9806,0.2,18.7,9.35,9.73,-2.1725,N/A,27.75,False,0.2222,N/A,N/A,N/A,N/A,N/A,N/A,N/A,N/A,N/A,N/A,N/A,N/A,84.0,0,T#198,N/A
startup,10.07,Stefon Diggs,BROsenzweig,BROsenzweig,1,0,False,19.58,20.36,8.73,16.21,16.86,4.3513,36.1956,15.5733,0.3333,14.9,14.9,15.5,2.9425,N/A,26.75,False,0.3333,N/A,N/A,N/A,N/A,N/A,N/A,N/A,N/A,N/A,N/A,N/A,N/A,33.0,2,T#47,N/A
startup,10.06,Tyler Boyd,plehv79,plehv79,8,0,False,11.95,12.44,-0.0438,9.45,9.83,-3.6288,18.1557,-6.444,0.2,140.3,17.54,18.24,6.085,N/A,25.79,False,0.2162,N/A,N/A,N/A,N/A,N/A,N/A,N/A,N/A,N/A,N/A,N/A,N/A,790.0,1,T#268,N/A
startup,10.05,Jerry Jeudy,stevenb123,stevenb123,4,0,False,9.14,9.51,-2.345,10.42,10.84,-1.9262,12.4398,-8.7289,0.1212,55.1,13.78,14.33,3.7837,N/A,21.35,False,0.1667,N/A,N/A,N/A,N/A,N/A,N/A,N/A,N/A,N/A,N/A,N/A,N/A,713.0,3,T#263,N/A
startup,10.04,Kareem Hunt,AceMatthew,AceMatthew,14,0,False,11.16,11.46,-0.8612,10.34,10.62,-1.3413,19.9345,-4.345,0.28,188.5,13.46,13.83,2.1862,N/A,25.06,False,0.359,N/A,N/A,N/A,N/A,N/A,N/A,N/A,N/A,N/A,N/A,N/A,N/A,1071.0,2,T#16,N/A
startup,10.03,Marvin Jones,JacobRosenzweig,JacobRosenzweig,7,0,False,9.93,10.33,-3.3225,9.93,10.33,-2.6375,15.0255,-17.3746,0.2,74.1,10.59,11.01,-2.1075,N/A,30.46,False,0.2121,N/A,N/A,N/A,N/A,N/A,N/A,N/A,N/A,N/A,N/A,N/A,N/A,2131.0,3,#369,N/A
startup,10.02,Tom Brady,LWebs53,LWebs53,39,0,False,19.52,15.65,3.0575,19.63,15.73,3.7988,50.9724,21.6008,0.78,781.56,20.04,16.06,3.3725,N/A,43.07,False,0.8298,N/A,N/A,N/A,N/A,N/A,N/A,N/A,N/A,N/A,N/A,N/A,N/A,2131.0,0,#552,N/A
startup,10.01,Michael Gallup,Oliverwkw,Oliverwkw,0,0,False,8.45,8.79,-5.45,8.45,8.79,-4.625,8.79,-30.7749,0.0,0.0,0.0,0.0,-14.7762,N/A,24.48,False,0.0,N/A,N/A,N/A,N/A,N/A,N/A,N/A,N/A,N/A,N/A,N/A,N/A,2131.0,N/A,#835,N/A
startup,11.01,Justin Jefferson,Oliverwkw,Oliverwkw,0,0,False,6.0,6.24,-7.9938,17.88,18.6,5.09,6.24,-22.2957,0.0,0.0,0.0,0.0,-13.52,N/A,21.2,False,0.0,N/A,N/A,N/A,N/A,N/A,N/A,N/A,N/A,N/A,N/A,N/A,N/A,2131.0,N/A,#815,N/A
startup,11.02,Diontae Johnson,LWebs53,LWebs53,18,0,False,16.1,16.75,3.115,12.8,13.32,-1.47,41.9538,15.1539,0.5455,290.4,16.13,16.78,5.9,N/A,24.15,False,0.6207,N/A,N/A,N/A,N/A,N/A,N/A,N/A,N/A,N/A,N/A,N/A,N/A,686.0,2,T#144,N/A
startup,11.03,Leonard Fournette,JacobRosenzweig,JacobRosenzweig,14,0,False,16.29,16.74,3.6288,14.76,15.16,0.7988,37.1932,10.6982,0.4242,225.4,16.1,16.54,6.1475,N/A,25.61,False,0.56,N/A,N/A,N/A,N/A,N/A,N/A,N/A,N/A,N/A,N/A,N/A,N/A,674.0,2,T#102,N/A
startup,11.04,Brandon Aiyuk,AceMatthew,AceMatthew,0,0,False,11.55,12.02,-0.1888,12.35,12.85,-0.75,12.02,-14.7747,0.0,0.0,0.0,0.0,-10.5225,N/A,22.45,False,0.0,N/A,N/A,N/A,N/A,N/A,N/A,N/A,N/A,N/A,N/A,N/A,N/A,40.0,N/A,T#2,N/A
startup,11.05,CeeDee Lamb,stevenb123,stevenb123,47,0,False,15.84,16.48,5.2625,17.16,17.85,5.5338,56.2915,36.0228,0.8103,769.8,16.38,17.04,9.8637,N/A,21.39,False,0.8868,N/A,N/A,N/A,N/A,N/A,N/A,N/A,N/A,N/A,N/A,N/A,N/A,1164.0,0,T#21,N/A
startup,11.06,William Fuller,plehv79,plehv79,2,0,False,14.64,15.23,3.185,15.19,15.8,4.3088,34.2675,9.4262,0.5,19.2,9.6,9.99,0.4225,N/A,26.37,False,0.5,N/A,N/A,N/A,N/A,N/A,N/A,N/A,N/A,N/A,N/A,N/A,N/A,40.0,0,T#2,N/A
startup,11.07,Sterling Shepard,BROsenzweig,BROsenzweig,2,0,False,7.92,8.24,-3.6862,7.92,8.24,-3.6475,10.9555,-13.2498,0.125,27.1,13.55,14.1,6.4337,N/A,27.55,False,0.1818,N/A,N/A,N/A,N/A,N/A,N/A,N/A,N/A,N/A,N/A,N/A,N/A,2131.0,7,#172,N/A
startup,11.08,Latavius Murray,shmuel256,shmuel256,0,0,False,8.2,8.42,-2.6937,8.23,8.46,-2.8075,13.42,-8.4357,0.0,0.0,0.0,0.0,-9.255,N/A,30.61,True,0.0,N/A,N/A,N/A,N/A,N/A,N/A,N/A,N/A,N/A,N/A,N/A,N/A,2131.0,N/A,#1152,N/A
startup,12.08,Tyler Higbee,shmuel256,shmuel256,0,0,False,8.22,11.25,-0.17,8.22,11.25,-0.2562,11.25,-9.4598,0.0,0.0,0.0,0.0,-8.5437,N/A,27.66,False,0.0,N/A,N/A,N/A,N/A,N/A,N/A,N/A,N/A,N/A,N/A,N/A,N/A,2131.0,N/A,#1122,N/A
startup,12.07,Evan Engram,BROsenzweig,BROsenzweig,5,0,False,9.34,12.78,0.63,9.34,12.78,1.0075,17.2537,-4.2199,0.1515,40.9,8.18,11.19,3.335,N/A,25.99,False,0.1724,N/A,N/A,N/A,N/A,N/A,N/A,N/A,N/A,N/A,N/A,N/A,N/A,2131.0,3,#185,N/A
startup,12.06,Dallas Goedert,plehv79,plehv79,37,0,False,10.83,14.82,3.1825,11.19,15.31,4.3213,34.0118,17.3442,0.4405,348.0,9.41,12.87,5.3312,N/A,25.65,False,0.5932,N/A,N/A,N/A,N/A,N/A,N/A,N/A,N/A,N/A,N/A,N/A,N/A,1797.0,1,T#182,N/A
startup,12.05,Hayden Hurst,stevenb123,stevenb123,10,0,False,6.76,9.25,-1.8487,6.76,9.25,-1.2988,18.1872,1.0839,0.3704,85.4,8.54,11.69,4.5687,N/A,27.01,False,0.4348,N/A,N/A,N/A,N/A,N/A,N/A,N/A,N/A,N/A,N/A,N/A,N/A,2131.0,0,#1304,N/A
startup,12.04,Noah Fant,AceMatthew,AceMatthew,13,0,False,7.61,10.42,0.04,7.61,10.42,0.1662,20.8611,4.0395,0.3824,143.9,11.07,15.15,8.4613,N/A,22.77,False,0.4483,N/A,N/A,N/A,N/A,N/A,N/A,N/A,N/A,N/A,N/A,N/A,N/A,2131.0,8,#51,N/A
startup,12.03,James White,JacobRosenzweig,JacobRosenzweig,4,0,False,8.58,8.81,-1.395,8.69,8.93,-1.1338,13.5538,-4.1444,0.25,22.1,5.53,5.68,-3.955,N/A,28.57,False,0.2308,N/A,N/A,N/A,N/A,N/A,N/A,N/A,N/A,N/A,N/A,N/A,N/A,2131.0,1,#356,N/A
startup,12.02,Raheem Mostert,LWebs53,LWebs53,5,0,False,11.3,11.61,1.4488,9.68,9.95,-0.3638,20.7964,1.8768,0.1515,58.8,11.76,12.08,3.395,N/A,28.39,False,0.5556,N/A,N/A,N/A,N/A,N/A,N/A,N/A,N/A,N/A,N/A,N/A,N/A,558.0,1,T#142,N/A
startup,12.01,Jordan Howard,Oliverwkw,Oliverwkw,0,0,False,5.94,6.1,-4.9575,5.94,6.1,-5.0125,6.1,-17.4416,0.0,0.0,0.0,0.0,-10.7162,N/A,25.82,False,0.0,N/A,N/A,N/A,N/A,N/A,N/A,N/A,N/A,N/A,N/A,N/A,N/A,2131.0,N/A,#820,N/A
startup,13.01,DeVante Parker,Oliverwkw,Oliverwkw,0,0,False,12.5,13.0,1.2912,9.27,9.65,-2.665,13.0,-8.6109,0.0,0.0,0.0,0.0,-8.5962,N/A,27.6,False,0.0,N/A,N/A,N/A,N/A,N/A,N/A,N/A,N/A,N/A,N/A,N/A,N/A,18.0,N/A,T#196,N/A
startup,13.02,T.J. Hockenson,LWebs53,LWebs53,1,0,False,11.68,15.98,4.2588,11.46,15.68,4.3187,18.4385,-1.7605,0.0714,3.3,3.3,4.52,-2.05,N/A,23.15,False,0.0769,N/A,N/A,N/A,N/A,N/A,N/A,N/A,N/A,N/A,N/A,N/A,N/A,110.0,9,T#136,N/A
startup,13.03,Matthew Stafford,JacobRosenzweig,JacobRosenzweig,34,0,False,17.05,13.67,2.58,17.07,13.69,3.0612,42.4864,26.5236,0.68,548.32,16.13,12.93,8.5062,N/A,32.56,False,0.85,N/A,N/A,N/A,N/A,N/A,N/A,N/A,N/A,N/A,N/A,N/A,N/A,2131.0,0,#377,N/A
startup,13.04,Kerryon Johnson,AceMatthew,AceMatthew,0,0,False,1.4,1.44,-10.4437,5.13,5.27,-6.31,1.44,-18.3594,0.0,0.0,0.0,0.0,-4.6412,N/A,23.16,False,0.0,N/A,N/A,N/A,N/A,N/A,N/A,N/A,N/A,N/A,N/A,N/A,N/A,15.0,N/A,T#1,N/A
startup,13.05,Joe Burrow,stevenb123,stevenb123,14,0,False,18.06,14.48,4.6013,19.07,15.29,5.2725,29.8199,13.6981,0.3889,271.84,19.42,15.57,12.3875,N/A,23.72,False,0.4828,N/A,N/A,N/A,N/A,N/A,N/A,N/A,N/A,N/A,N/A,N/A,N/A,761.0,1,T#11,N/A
startup,13.06,Alexander Mattison,plehv79,plehv79,0,0,False,12.0,12.33,2.5275,7.44,7.65,-3.3962,12.33,-5.9851,0.0,0.0,0.0,0.0,-6.0913,N/A,22.19,False,0.0,N/A,N/A,N/A,N/A,N/A,N/A,N/A,N/A,N/A,N/A,N/A,N/A,15.0,N/A,T#1,N/A
startup,13.07,A.J. Green,BROsenzweig,BROsenzweig,4,0,False,7.17,7.46,-2.3563,7.17,7.46,-3.0525,24.1704,6.501,0.8,15.8,3.95,4.11,-2.6337,N/A,32.08,False,0.8,N/A,N/A,N/A,N/A,N/A,N/A,N/A,N/A,N/A,N/A,N/A,N/A,2131.0,1,#168,N/A
startup,13.08,Christian Kirk,shmuel256,shmuel256,0,0,False,6.63,6.9,-2.0375,11.51,11.97,2.9725,6.9,-8.3774,0.0,0.0,0.0,0.0,-5.6413,N/A,23.78,False,0.0,N/A,N/A,N/A,N/A,N/A,N/A,N/A,N/A,N/A,N/A,N/A,N/A,33.0,N/A,T#47,N/A
startup,14.08,Preston Williams,shmuel256,shmuel256,0,0,False,6.33,6.58,-2.7287,6.33,6.58,-1.7713,6.58,-9.673,0.0,0.0,0.0,0.0,-6.2338,N/A,23.42,False,0.0,N/A,N/A,N/A,N/A,N/A,N/A,N/A,N/A,N/A,N/A,N/A,N/A,2131.0,N/A,#1119,N/A
startup,14.07,Tarik Cohen,BROsenzweig,BROsenzweig,0,0,False,5.83,5.99,-3.7088,5.83,5.99,-2.7513,5.99,-12.3896,0.0,0.0,0.0,0.0,-7.965,N/A,25.09,False,0.0,N/A,N/A,N/A,N/A,N/A,N/A,N/A,N/A,N/A,N/A,N/A,N/A,2131.0,N/A,#182,N/A
startup,14.06,Ronald Jones,plehv79,plehv79,5,0,False,13.09,13.45,4.6225,7.78,7.99,-0.5625,26.9934,10.8259,0.4167,67.3,13.46,13.83,6.6312,N/A,23.07,False,0.4167,N/A,N/A,N/A,N/A,N/A,N/A,N/A,N/A,N/A,N/A,N/A,N/A,95.0,1,T#258,N/A
startup,14.05,Darius Slayton,stevenb123,stevenb123,9,0,False,9.29,9.67,0.2538,7.82,8.13,-0.5862,26.8847,10.8351,0.6429,85.5,9.5,9.88,3.1563,N/A,23.62,False,0.6923,N/A,N/A,N/A,N/A,N/A,N/A,N/A,N/A,N/A,N/A,N/A,N/A,107.0,0,T#322,N/A
startup,14.04,N'Keal Harry,AceMatthew,AceMatthew,0,0,False,4.44,6.08,-2.9575,4.44,6.08,-2.7812,6.08,-9.1359,0.0,0.0,0.0,0.0,-6.145,N/A,22.7,False,0.0,N/A,N/A,N/A,N/A,N/A,N/A,N/A,N/A,N/A,N/A,N/A,N/A,2131.0,N/A,#18,N/A
startup,14.03,Brandin Cooks,JacobRosenzweig,JacobRosenzweig,37,0,False,10.78,11.22,2.715,10.78,11.22,2.8913,25.1135,10.078,0.4405,492.7,13.32,13.85,8.9225,N/A,26.92,False,0.5538,N/A,N/A,N/A,N/A,N/A,N/A,N/A,N/A,N/A,N/A,N/A,N/A,2131.0,5,#400,N/A
startup,14.02,Darrell Henderson,LWebs53,LWebs53,2,0,False,9.97,10.24,0.82,9.97,10.24,1.5813,13.056,-4.2792,0.125,15.0,7.5,7.7,2.0038,N/A,23.03,False,0.1333,N/A,N/A,N/A,N/A,N/A,N/A,N/A,N/A,N/A,N/A,N/A,N/A,2131.0,3,#627,N/A
startup,14.01,Henry Ruggs,Oliverwkw,Oliverwkw,2,0,False,7.93,8.25,-1.5475,8.43,8.77,-0.985,10.2094,-7.8349,0.1,7.5,3.75,3.9,-2.4888,N/A,21.59,False,0.125,N/A,N/A,N/A,N/A,N/A,N/A,N/A,N/A,N/A,N/A,N/A,N/A,404.0,6,T#199,N/A
startup,15.01,Michael Pittman,Oliverwkw,Oliverwkw,37,0,False,13.0,13.52,4.4775,12.36,12.86,5.2162,34.3741,20.8602,0.5522,516.0,13.95,14.51,9.5563,N/A,22.9,False,0.6379,N/A,N/A,N/A,N/A,N/A,N/A,N/A,N/A,N/A,N/A,N/A,N/A,1354.0,10,T#68,N/A
startup,15.02,Jamison Crowder,LWebs53,LWebs53,2,0,False,7.04,7.32,-2.3113,7.04,7.32,-1.0225,11.2615,-2.8034,0.1538,22.4,11.2,11.65,7.5738,N/A,27.2,False,0.3333,N/A,N/A,N/A,N/A,N/A,N/A,N/A,N/A,N/A,N/A,N/A,N/A,2131.0,5,#443,N/A
startup,15.03,Julian Edelman,JacobRosenzweig,JacobRosenzweig,0,0,False,9.37,9.75,-0.2587,9.37,9.75,0.9975,9.75,-9.5671,0.0,0.0,0.0,0.0,-6.15,N/A,34.27,False,0.0,N/A,N/A,N/A,N/A,N/A,N/A,N/A,N/A,N/A,N/A,N/A,N/A,2131.0,N/A,#349,N/A
startup,15.04,Duke Johnson,AceMatthew,AceMatthew,0,0,False,8.46,8.69,-1.6163,8.46,8.69,-0.36,8.69,-10.9247,0.0,0.0,0.0,0.0,-6.15,N/A,26.93,False,0.0,N/A,N/A,N/A,N/A,N/A,N/A,N/A,N/A,N/A,N/A,N/A,N/A,2131.0,N/A,#6,N/A
startup,15.05,Laviska Shenault,stevenb123,stevenb123,1,0,False,10.47,10.89,1.0988,6.44,6.7,-2.3587,11.9616,-7.3092,0.0435,4.1,4.1,4.27,-2.72,N/A,21.9,False,0.0526,N/A,N/A,N/A,N/A,N/A,N/A,N/A,N/A,N/A,N/A,N/A,N/A,425.0,5,T#327,N/A
startup,15.06,AJ Dillon,plehv79,plehv79,0,0,False,7.96,8.18,-0.8388,7.96,8.18,0.335,8.18,-7.8455,0.0,0.0,0.0,0.0,-5.71,N/A,22.32,False,0.0,N/A,N/A,N/A,N/A,N/A,N/A,N/A,N/A,N/A,N/A,N/A,N/A,2131.0,N/A,#1000,N/A
startup,15.07,Aaron Rodgers,BROsenzweig,BROsenzweig,12,0,False,23.58,18.9,10.7175,17.1,13.7,6.0412,67.5,58.6065,0.8571,281.04,23.42,18.77,14.775,N/A,36.74,False,0.9231,N/A,N/A,N/A,N/A,N/A,N/A,N/A,N/A,N/A,N/A,N/A,N/A,110.0,1,T#48,N/A
startup,15.08,Mecole Hardman,shmuel256,shmuel256,0,0,False,7.03,7.31,-2.625,7.03,7.31,-1.4975,7.31,-12.4764,0.0,0.0,0.0,0.0,-7.8638,N/A,22.46,False,0.0,N/A,N/A,N/A,N/A,N/A,N/A,N/A,N/A,N/A,N/A,N/A,N/A,2131.0,N/A,#1111,N/A
startup,16.08,Boston Scott,shmuel256,shmuel256,1,0,False,4.89,5.03,-5.5075,4.89,5.03,-4.2888,20.12,1.2417,1.0,7.4,7.4,7.6,1.0038,N/A,25.34,False,1.0,N/A,N/A,N/A,N/A,N/A,N/A,N/A,N/A,N/A,N/A,N/A,N/A,2131.0,0,#1123,N/A
startup,16.07,Robbie Chosen,BROsenzweig,BROsenzweig,0,0,False,17.92,18.65,9.3112,8.17,8.5,-0.8887,18.65,-0.3947,0.0,0.0,0.0,0.0,-7.865,N/A,27.3,False,0.0,N/A,N/A,N/A,N/A,N/A,N/A,N/A,N/A,N/A,N/A,N/A,N/A,33.0,N/A,T#47,N/A
startup,16.06,Jalen Reagor,plehv79,plehv79,0,0,False,3.7,3.85,-6.98,3.76,3.91,-5.6937,3.85,-16.6859,0.0,0.0,0.0,0.0,-7.865,N/A,21.65,False,0.0,N/A,N/A,N/A,N/A,N/A,N/A,N/A,N/A,N/A,N/A,N/A,N/A,2131.0,N/A,#1007,N/A
startup,16.05,Tee Higgins,stevenb123,stevenb123,26,0,False,14.63,15.22,6.7012,14.64,15.23,7.9262,36.3541,22.3067,0.52,364.4,14.02,14.58,8.6463,N/A,21.61,False,0.5714,N/A,N/A,N/A,N/A,N/A,N/A,N/A,N/A,N/A,N/A,N/A,N/A,937.0,7,T#348,N/A
startup,16.04,Cam Newton,AceMatthew,AceMatthew,11,0,False,15.2,12.18,3.3425,15.65,12.55,4.9725,36.7031,22.7605,0.6875,167.16,15.2,12.18,5.9462,N/A,31.3,False,0.7857,N/A,N/A,N/A,N/A,N/A,N/A,N/A,N/A,N/A,N/A,N/A,N/A,2131.0,0,#22,N/A
startup,16.03,Jared Cook,JacobRosenzweig,JacobRosenzweig,1,0,False,8.29,11.35,0.675,8.29,11.35,2.5388,13.5254,-9.2369,0.0833,12.2,12.2,16.7,9.635,N/A,33.39,False,0.1,N/A,N/A,N/A,N/A,N/A,N/A,N/A,N/A,N/A,N/A,N/A,N/A,2131.0,6,#347,N/A
startup,16.02,Phillip Lindsay,LWebs53,LWebs53,0,0,False,4.51,4.63,-5.5763,4.51,4.63,-4.9812,4.63,-17.9355,0.0,0.0,0.0,0.0,-9.1525,N/A,26.1,False,0.0,N/A,N/A,N/A,N/A,N/A,N/A,N/A,N/A,N/A,N/A,N/A,N/A,2131.0,N/A,#408,N/A
startup,16.01,Tevin Coleman,Oliverwkw,Oliverwkw,1,0,False,4.54,4.66,-6.4225,4.54,4.66,-5.2963,7.101,-16.1695,0.1429,10.7,10.7,10.99,2.6775,N/A,27.37,False,0.3333,N/A,N/A,N/A,N/A,N/A,N/A,N/A,N/A,N/A,N/A,N/A,N/A,2131.0,6,#823,N/A
startup,17.01,Jack Doyle,Oliverwkw,Oliverwkw,0,0,False,5.7,7.8,-2.1763,5.7,7.8,-0.9112,7.8,-10.1317,0.0,0.0,0.0,0.0,-7.4987,N/A,30.32,False,0.0,N/A,N/A,N/A,N/A,N/A,N/A,N/A,N/A,N/A,N/A,N/A,N/A,2131.0,N/A,#819,N/A
startup,17.02,Mike Williams,LWebs53,LWebs53,1,0,False,11.32,11.78,3.37,11.29,11.74,4.5912,26.505,13.5797,0.5,11.4,11.4,11.86,6.3487,N/A,25.9,False,0.5,N/A,N/A,N/A,N/A,N/A,N/A,N/A,N/A,N/A,N/A,N/A,N/A,2131.0,1,#407,N/A
startup,17.03,Golden Tate,JacobRosenzweig,JacobRosenzweig,0,0,False,7.21,7.5,-2.4563,7.21,7.5,-1.1825,7.5,-9.1054,0.0,0.0,0.0,0.0,-8.475,N/A,32.07,False,0.0,N/A,N/A,N/A,N/A,N/A,N/A,N/A,N/A,N/A,N/A,N/A,N/A,2131.0,N/A,#351,N/A
startup,17.04,John Brown,AceMatthew,AceMatthew,2,0,False,7.03,7.32,-1.4325,7.03,7.32,-1.4275,13.664,-1.1356,0.3333,27.2,13.6,14.15,4.4012,N/A,30.4,False,0.4,N/A,N/A,N/A,N/A,N/A,N/A,N/A,N/A,N/A,N/A,N/A,N/A,2131.0,0,#10,N/A
startup,17.05,Mike Gesicki,stevenb123,stevenb123,4,0,False,7.64,10.46,2.1638,7.64,10.46,2.1688,16.8107,4.3063,0.25,34.5,8.62,11.8,1.3075,N/A,24.9,False,0.2857,N/A,N/A,N/A,N/A,N/A,N/A,N/A,N/A,N/A,N/A,N/A,N/A,2131.0,2,#1302,N/A
startup,17.06,Chris Herndon,plehv79,plehv79,1,0,False,4.87,6.67,-2.4975,4.87,6.67,-2.055,15.0075,1.6891,0.5,7.7,7.7,10.54,-1.8238,N/A,24.51,False,0.5,N/A,N/A,N/A,N/A,N/A,N/A,N/A,N/A,N/A,N/A,N/A,N/A,2131.0,0,#989,N/A
startup,17.07,Tony Pollard,BROsenzweig,BROsenzweig,3,0,False,11.62,11.94,4.3987,11.62,11.94,4.8312,14.286,3.6856,0.0909,34.6,11.53,11.85,1.1325,N/A,23.33,False,0.0968,N/A,N/A,N/A,N/A,N/A,N/A,N/A,N/A,N/A,N/A,N/A,N/A,2131.0,17,#173,N/A
startup,17.08,Allen Lazard,shmuel256,shmuel256,1,0,False,8.5,8.84,1.4262,8.5,8.84,1.8587,10.3679,-0.2073,0.0556,23.4,23.4,24.34,15.1837,N/A,24.71,False,0.1111,N/A,N/A,N/A,N/A,N/A,N/A,N/A,N/A,N/A,N/A,N/A,N/A,2131.0,14,#1138,N/A
startup,18.08,James Robinson,shmuel256,shmuel256,18,0,False,17.45,17.92,7.2329,12.77,13.12,3.7837,61.9055,43.1347,0.8182,318.0,17.67,18.15,10.0212,N/A,22.05,False,0.9,N/A,N/A,N/A,N/A,N/A,N/A,N/A,N/A,N/A,N/A,N/A,N/A,421.0,2,T#138,N/A
startup,18.07,Rob Gronkowski,BROsenzweig,BROsenzweig,14,0,False,11.06,15.14,4.6314,11.12,15.22,6.645,33.1739,10.8743,0.4242,178.8,12.77,17.48,9.2675,N/A,31.29,False,0.5385,N/A,N/A,N/A,N/A,N/A,N/A,N/A,N/A,N/A,N/A,N/A,N/A,2131.0,6,#183,N/A
startup,18.06,Baker Mayfield,plehv79,plehv79,10,0,False,15.59,12.5,1.54,15.68,12.57,4.045,21.0294,-3.0821,0.2941,118.4,11.84,9.49,1.4512,N/A,25.37,False,0.3,N/A,N/A,N/A,N/A,N/A,N/A,N/A,N/A,N/A,N/A,N/A,N/A,2131.0,3,#1013,N/A
startup,18.05,Devine Ozigbo,stevenb123,stevenb123,0,0,False,N/A,N/A,N/A,1.7,1.75,-7.235,N/A,N/A,N/A,0.0,0.0,0.0,-10.625,N/A,23.9,False,N/A,N/A,N/A,N/A,N/A,N/A,N/A,N/A,N/A,N/A,N/A,N/A,N/A,2131.0,N/A,#1256,N/A
startup,18.04,Jalen Richard,AceMatthew,AceMatthew,0,0,False,3.29,3.38,-7.1829,3.29,3.38,-5.0675,3.38,-17.7529,0.0,0.0,0.0,0.0,-11.7963,N/A,26.87,False,0.0,N/A,N/A,N/A,N/A,N/A,N/A,N/A,N/A,N/A,N/A,N/A,N/A,2131.0,N/A,#2,N/A
startup,18.03,Matt Breida,JacobRosenzweig,JacobRosenzweig,0,0,False,3.93,4.04,-5.5743,3.97,4.08,-4.1325,4.04,-10.1958,0.0,0.0,0.0,0.0,-11.0088,N/A,25.5,False,0.0,N/A,N/A,N/A,N/A,N/A,N/A,N/A,N/A,N/A,N/A,N/A,N/A,2131.0,N/A,#346,N/A
startup,18.02,Chase Edmonds,LWebs53,LWebs53,2,0,False,10.69,10.98,3.5671,7.28,7.48,0.7613,12.5081,2.0772,0.0606,26.7,13.35,13.71,5.2825,N/A,24.38,False,0.0741,N/A,N/A,N/A,N/A,N/A,N/A,N/A,N/A,N/A,N/A,N/A,N/A,672.0,8,T#143,N/A
startup,18.01,Joshua Kelley,Oliverwkw,Oliverwkw,1,0,False,4.4,4.52,-3.5243,4.4,4.52,-2.305,4.9052,-6.0091,0.04,10.9,10.9,11.2,2.17,N/A,22.77,False,0.0435,N/A,N/A,N/A,N/A,N/A,N/A,N/A,N/A,N/A,N/A,N/A,N/A,2131.0,8,#913,N/A
startup,19.01,Matt Ryan,Oliverwkw,Oliverwkw,7,0,False,17.59,14.1,1.4629,14.36,11.51,0.7438,42.6133,17.3233,0.7,130.76,18.68,14.97,5.3913,N/A,35.28,False,0.7778,N/A,N/A,N/A,N/A,N/A,N/A,N/A,N/A,N/A,N/A,N/A,N/A,84.0,0,T#198,N/A
startup,19.02,Tua Tagovailoa,LWebs53,LWebs53,0,0,False,13.92,11.16,-0.265,14.54,11.66,1.1313,11.16,-14.9004,0.0,0.0,0.0,0.0,-11.45,N/A,22.49,False,0.0,N/A,N/A,N/A,N/A,N/A,N/A,N/A,N/A,N/A,N/A,N/A,N/A,110.0,N/A,T#48,N/A
startup,19.03,Emmanuel Sanders,JacobRosenzweig,JacobRosenzweig,1,0,False,10.06,10.46,0.51,10.12,10.53,1.4312,11.9687,-11.3619,0.0625,22.2,22.2,23.09,15.7125,N/A,33.45,False,0.0769,N/A,N/A,N/A,N/A,N/A,N/A,N/A,N/A,N/A,N/A,N/A,N/A,2131.0,4,#357,N/A
startup,19.04,Larry Fitzgerald,AceMatthew,AceMatthew,0,0,False,7.76,8.07,-1.48,7.76,8.07,-0.1363,8.07,-14.4114,0.0,0.0,0.0,0.0,-8.0787,N/A,36.99,False,0.0,N/A,N/A,N/A,N/A,N/A,N/A,N/A,N/A,N/A,N/A,N/A,N/A,2131.0,N/A,#1,N/A
startup,19.05,Jared Goff,stevenb123,stevenb123,1,0,False,16.48,13.21,4.3943,16.48,13.21,5.6463,29.7225,10.3343,0.5,10.5,10.5,8.42,1.3937,N/A,25.87,False,0.5,N/A,N/A,N/A,N/A,N/A,N/A,N/A,N/A,N/A,N/A,N/A,N/A,2131.0,0,#1263,N/A
startup,19.06,Bryce Love,plehv79,plehv79,0,0,False,0.0,0.0,-10.7029,0.0,0.0,-9.215,0.0,-23.6343,0.0,0.0,0.0,0.0,-8.0787,N/A,23.14,False,N/A,N/A,N/A,N/A,N/A,N/A,N/A,N/A,N/A,N/A,N/A,N/A,N/A,2131.0,N/A,#987,N/A
startup,19.07,Josh Doctson,BROsenzweig,BROsenzweig,0,0,False,0.0,0.0,-10.7029,0.0,0.0,-9.215,0.0,-23.6343,0.0,0.0,0.0,0.0,-8.0787,N/A,27.73,False,N/A,N/A,N/A,N/A,N/A,N/A,N/A,N/A,N/A,N/A,N/A,N/A,N/A,2131.0,N/A,#163,N/A
startup,19.08,Justin Jackson,shmuel256,shmuel256,0,0,False,N/A,N/A,N/A,5.48,5.62,-2.8925,N/A,N/A,N/A,0.0,0.0,0.0,-8.0787,N/A,24.35,False,N/A,N/A,N/A,N/A,N/A,N/A,N/A,N/A,N/A,N/A,N/A,N/A,N/A,2131.0,N/A,#1106,N/A
2024,2.09,Ja'Lynn Polk,AceMatthew,JacobRosenzweig,0,1,False,2.34,2.46,-6.642,2.34,2.46,-5.5842,2.46,-12.7864,0.0,0.0,0.0,0.0,-6.2521,N/A,22.38,False,0.0,N/A,N/A,N/A,N/A,N/A,N/A,N/A,N/A,N/A,N/A,N/A,N/A,670.0,N/A,#133,T#28
2025,2.09,Jayden Higgins,AceMatthew,Oliverwkw,0,3,False,N/A,N/A,N/A,7.81,8.47,0.4258,N/A,N/A,N/A,0.0,0.0,0.0,-6.2521,N/A,22.7,False,N/A,N/A,N/A,N/A,N/A,N/A,N/A,N/A,N/A,N/A,N/A,N/A,N/A,2.0,N/A,T#42,T#39
2025,5.01,Shedeur Sanders,JacobRosenzweig,JacobRosenzweig,0,0,False,10.49,8.55,3.5981,10.49,8.55,2.5389,8.55,3.2027,0.0,0.0,0.0,0.0,-3.6126,N/A,23.55,False,0.0,N/A,N/A,N/A,N/A,N/A,N/A,N/A,N/A,N/A,N/A,N/A,N/A,305.0,N/A,N/A,N/A
2025,5.02,Elic Ayomanor,BROsenzweig,BROsenzweig,1,0,False,6.81,7.39,2.4381,7.28,7.9,1.8889,8.682,3.3347,0.0769,3.8,3.8,4.12,0.5074,N/A,22.24,False,0.0909,N/A,N/A,N/A,N/A,N/A,N/A,N/A,N/A,N/A,N/A,N/A,N/A,96.0,4,T#100,N/A
2025,5.03,Jordan James,BROsenzweig,BROsenzweig,0,0,False,4.5,4.34,-0.6119,4.5,4.34,-1.6711,4.34,-1.0073,0.0,0.0,0.0,0.0,-3.6126,N/A,21.42,False,N/A,N/A,N/A,N/A,N/A,N/A,N/A,N/A,N/A,N/A,N/A,N/A,N/A,305.0,N/A,#337,N/A
2025,5.04,Isaac TeSlaa,stevenb123,stevenb123,0,0,False,5.42,5.88,0.9281,5.42,5.88,-0.1311,5.88,0.5327,0.0,0.0,0.0,0.0,-3.6126,N/A,23.52,False,0.0,N/A,N/A,N/A,N/A,N/A,N/A,N/A,N/A,N/A,N/A,N/A,N/A,305.0,N/A,N/A,N/A
2025,5.05,Woody Marks,JacobRosenzweig,JacobRosenzweig,2,0,False,9.51,9.17,4.2181,9.51,9.17,3.1589,11.6153,6.268,0.1176,22.2,11.1,10.7,7.0874,N/A,24.66,False,0.1333,N/A,N/A,N/A,N/A,N/A,N/A,N/A,N/A,N/A,N/A,N/A,N/A,305.0,9,N/A,N/A
2025,5.06,DJ Giddens,BROsenzweig,BROsenzweig,0,0,False,1.92,1.85,-3.1019,1.92,1.85,-4.1611,1.85,-3.4973,0.0,0.0,0.0,0.0,-3.6126,N/A,22.01,False,0.0,N/A,N/A,N/A,N/A,N/A,N/A,N/A,N/A,N/A,N/A,N/A,N/A,305.0,N/A,N/A,N/A
2025,5.07,Jarquez Hunter,AceMatthew,AceMatthew,0,0,False,0.0,0.0,-4.9519,0.0,0.0,-6.0111,0.0,-5.3473,0.0,0.0,0.0,0.0,-3.6126,N/A,22.66,False,N/A,N/A,N/A,N/A,N/A,N/A,N/A,N/A,N/A,N/A,N/A,N/A,N/A,305.0,N/A,N/A,N/A
2026,2.09,Unknown,Oliverwkw,Oliverwkw,N/A,0,False,N/A,N/A,N/A,N/A,N/A,N/A,N/A,N/A,N/A,N/A,N/A,N/A,N/A,N/A,N/A,False,N/A,N/A,N/A,N/A,N/A,N/A,N/A,N/A,N/A,N/A,N/A,N/A,N/A,N/A,N/A,N/A,N/A
